Time,ID,Lat,Lon,Alt,#Wifi networks,SSID1,MAC1,Frequency1,Signal1,SSID2,MAC2,Frequency2,Signal2,SSID3,MAC3,Frequency3,Signal3,SSID4,MAC4,Frequency4,Signal4,SSID5,MAC5,Frequency5,Signal5,SSID6,MAC6,Frequency6,Signal6,SSID7,MAC7,Frequency7,Signal7,SSID8,MAC8,Frequency8,Signal8,SSID9,MAC9,Frequency9,Signal9,SSID10,MAC10,Frequency10,Signal10,
Mon Jan 01 02:00:00 IST 70,model=SM-G950F_device=dreamlte,null,null,null,10,Ariel_University,34:8f:27:20:89:bc,44,-53.0,Ariel_University,34:8f:27:20:89:bc,44,-53.0, ,34:8f:27:a0:89:b7,44,-53.0,Ariel_University,34:8f:27:20:89:b8,6,-51.0,Ariel_University,34:8f:27:20:89:b8,6,-49.0,Ariel_University,34:8f:27:20:89:b8,6,-48.0,Ariel_University,34:8f:27:20:89:bc,44,-48.0,Ariel_University,34:8f:27:20:89:b8,6,-47.0,Ariel_University,34:8f:27:20:89:b8,6,-44.0,Ariel_University,34:8f:27:20:89:b8,6,-43.0,
Mon Jan 01 02:00:00 IST 70,model=SM-G950F_device=dreamlte,32.10394957208156,35.210379554280145,699.1459211480959,10,DIRECT-66-HP DeskJet 3630 series,30:e1:71:0d:e0:67,6,-64.0,Ariel_University,24:79:2a:2c:5c:18,11,-64.0,DIRECT-66-HP DeskJet 3630 series,30:e1:71:0d:e0:67,6,-63.0,Ariel_University,24:79:2a:2b:07:b8,11,-63.0,DIRECT-66-HP DeskJet 3630 series,30:e1:71:0d:e0:67,6,-60.0,DIRECT-66-HP DeskJet 3630 series,30:e1:71:0d:e0:67,6,-59.0,DIRECT-66-HP DeskJet 3630 series,30:e1:71:0d:e0:67,6,-58.0,DIRECT-66-HP DeskJet 3630 series,30:e1:71:0d:e0:67,6,-58.0,DIRECT-66-HP DeskJet 3630 series,30:e1:71:0d:e0:67,6,-56.0,DIRECT-66-HP DeskJet 3630 series,30:e1:71:0d:e0:67,6,-56.0,
Mon Jan 01 02:00:00 IST 70,model=SM-G950F_device=dreamlte,32.10413257231042,35.21086744490997,696.3116866554889,10,Ariel_University,24:79:2a:2b:07:b8,11,-61.0,DIRECT-66-HP DeskJet 3630 series,30:e1:71:0d:e0:67,6,-61.0,Ariel_University,24:79:2a:2b:07:b8,11,-61.0,DIRECT-66-HP DeskJet 3630 series,30:e1:71:0d:e0:67,6,-60.0,DIRECT-66-HP DeskJet 3630 series,30:e1:71:0d:e0:67,6,-59.0,DIRECT-66-HP DeskJet 3630 series,30:e1:71:0d:e0:67,6,-58.0,DIRECT-66-HP DeskJet 3630 series,30:e1:71:0d:e0:67,6,-58.0,DIRECT-66-HP DeskJet 3630 series,30:e1:71:0d:e0:67,6,-58.0,DIRECT-66-HP DeskJet 3630 series,30:e1:71:0d:e0:67,6,-54.0,DIRECT-66-HP DeskJet 3630 series,30:e1:71:0d:e0:67,6,-54.0,
Mon Jan 01 02:00:00 IST 70,model=SM-G950F_device=dreamlte,null,null,null,10,DIRECT-66-HP DeskJet 3630 series,30:e1:71:0d:e0:67,6,-66.0,DIRECT-66-HP DeskJet 3630 series,30:e1:71:0d:e0:67,6,-66.0,DIRECT-66-HP DeskJet 3630 series,30:e1:71:0d:e0:67,6,-65.0,DIRECT-66-HP DeskJet 3630 series,30:e1:71:0d:e0:67,6,-65.0,DIRECT-66-HP DeskJet 3630 series,30:e1:71:0d:e0:67,6,-65.0,DIRECT-66-HP DeskJet 3630 series,30:e1:71:0d:e0:67,6,-64.0,DIRECT-66-HP DeskJet 3630 series,30:e1:71:0d:e0:67,6,-64.0,DIRECT-66-HP DeskJet 3630 series,30:e1:71:0d:e0:67,6,-63.0,DIRECT-66-HP DeskJet 3630 series,30:e1:71:0d:e0:67,6,-62.0,DIRECT-66-HP DeskJet 3630 series,30:e1:71:0d:e0:67,6,-62.0,
Mon Jan 01 02:00:00 IST 70,model=SM-G950F_device=dreamlte,32.104085409730374,35.21083715152983,696.5862996216799,10,Ariel_University,24:79:2a:2b:07:b8,11,-61.0,DIRECT-66-HP DeskJet 3630 series,30:e1:71:0d:e0:67,6,-60.0,Ariel_University,24:79:2a:2b:07:b8,11,-60.0,Ariel_University,24:79:2a:2b:07:b8,11,-60.0,Ariel_University,24:79:2a:2b:07:b8,11,-59.0,Ariel_University,24:79:2a:2b:07:bc,36,-59.0,Ariel_University,24:79:2a:2b:07:b8,11,-58.0,Ariel_University,24:79:2a:2b:07:bc,36,-58.0,Ariel_University,24:79:2a:2b:07:b8,11,-57.0,Ariel_University,24:79:2a:2b:07:bc,36,-57.0,
Wed May 12 11:33:00 IST 17,model=SM-G950F_device=dreamlte,32.10383183353367,35.21030991027701,706.848146281378,2, ,24:79:2a:ab:07:b7,36,-75.0,Ariel_University,24:79:2a:2c:5b:d8,1,-71.0,
Wed May 12 11:33:00 IST 17,model=SM-G950F_device=dreamlte,null,null,null,1,IT-MNG,1c:b9:c4:15:ed:b8,1,-92.0,
Wed May 12 11:33:00 IST 17,model=SM-G950F_device=dreamlte,32.10386902172805,35.210071649064595,705.9046774313731,3, ,24:79:2a:ab:07:b7,36,-67.0,Ariel_University,24:79:2a:2b:07:bc,36,-63.0,DIRECT-8A-HP DeskJet 3630 series,3c:52:82:ef:a4:8b,6,-60.0,
Wed May 12 11:33:00 IST 17,model=SM-G950F_device=dreamlte,32.10378921435745,35.210222516999664,702.7004792390435,2,DIRECT-66-HP DeskJet 3630 series,30:e1:71:0d:e0:67,6,-82.0,Ariel_University,24:79:2a:2b:07:b8,11,-64.0,
Wed May 12 11:33:00 IST 17,model=SM-G950F_device=dreamlte,32.10394439056412,35.21061263956665,701.644932959493,2,Ariel Lishka,0a:27:22:f3:bb:2b,6,-89.0, ,24:79:2a:ab:07:b7,36,-61.0,
Wed May 12 11:33:00 IST 17,model=SM-G950F_device=dreamlte,32.10394747835942,35.21065655467143,700.184719114567,1,Ariel_University,24:79:2a:2b:07:b8,11,-57.0,
Wed May 12 11:33:00 IST 17,model=SM-G950F_device=dreamlte,32.10394439056412,35.210612639566655,701.644932959493,1,Ariel_University,24:79:2a:2b:07:bc,36,-58.0,
Wed May 12 11:34:00 IST 17,model=SM-G950F_device=dreamlte,32.10376522549941,35.21021004683927,705.2277741084891,1,DIRECT-8A-HP DeskJet 3630 series,3c:52:82:ef:a4:8b,6,-50.0,
Wed May 12 11:36:00 IST 17,model=SM-G950F_device=dreamlte,null,null,null,1, ,34:8f:27:a0:89:b7,44,-54.0,
Wed May 12 11:36:00 IST 17,model=SM-G950F_device=dreamlte,32.10330522727069,35.209973508401276,698.8634011366352,10,Ariel_University,1c:b9:c4:16:06:bc,48,-88.0,Ariel_University,24:79:2a:2c:5c:18,11,-86.0,DIRECT-8A-HP DeskJet 3630 series,3c:52:82:ef:a4:8b,6,-78.0, ,24:79:2a:ab:07:b7,36,-75.0,Ariel_University,24:79:2a:2b:07:b8,11,-74.0,Ariel_University,24:79:2a:2b:07:bc,36,-73.0,DIRECT-66-HP DeskJet 3630 series,30:e1:71:0d:e0:67,6,-73.0, ,34:8f:27:a0:89:b7,44,-54.0,Ariel_University,34:8f:27:20:89:bc,44,-53.0,Ariel_University,34:8f:27:20:89:b8,6,-50.0,
Wed May 12 11:36:00 IST 17,model=SM-G950F_device=dreamlte,null,null,null,1,Ariel_University,24:79:2a:2b:02:78,6,-89.0,
Wed May 12 11:36:00 IST 17,model=SM-G950F_device=dreamlte,32.10380483621403,35.21047602836523,705.3486728689479,3, ,24:79:2a:ac:5c:17,36,-89.0,Ariel_University,1c:b9:c4:16:06:b8,11,-89.0,Ariel_University,34:8f:27:20:89:b8,6,-44.0,
Wed May 12 11:37:00 IST 17,model=SM-G950F_device=dreamlte,32.10471916840007,35.210168508862814,685.754824781245,1,Ariel_University,1c:b9:c4:16:05:38,11,-89.0,
Wed May 12 11:37:00 IST 17,model=SM-G950F_device=dreamlte,null,null,null,3,Guest,90:6c:ac:9f:fb:1f,1,-91.0,iagree,b2:6c:ac:9f:fb:1f,1,-89.0,Ariel_University,34:8f:27:20:89:b8,6,-39.0,
Wed May 12 11:37:00 IST 17,model=SM-G950F_device=dreamlte,32.104076337950964,35.21099807019708,703.5746544089384,4,Ariel_University,24:79:2a:2c:5c:18,11,-81.0, ,24:79:2a:ab:07:b7,36,-69.0,Ariel_University,24:79:2a:2b:07:bc,36,-68.0,Ariel_University,24:79:2a:2b:07:b8,11,-67.0,
Wed May 12 11:41:00 IST 17,model=SM-G950F_device=dreamlte,32.10404325934356,35.20974769259932,689.9008777317454,8,Guest,90:6c:ac:a0:3d:eb,3,-89.0,giftwizard,a2:6c:ac:a0:3d:eb,3,-86.0,paysday,b2:6c:ac:9f:f1:c5,2,-85.0,Ariel_University,24:79:2a:2b:02:78,6,-72.0, ,24:79:2a:ac:5c:17,36,-72.0,Ariel_University,24:79:2a:2c:5c:1c,36,-68.0,Ariel_University,24:79:2a:2c:5c:18,11,-67.0,DIRECT-66-HP DeskJet 3630 series,30:e1:71:0d:e0:67,6,-55.0,
Wed May 12 11:41:00 IST 17,model=SM-G950F_device=dreamlte,32.104164309999994,35.20986187,689.9999999999999,10,Ariel_University,24:79:2a:2b:02:7c,44,-78.0, ,24:79:2a:ab:02:77,44,-76.0,Ariel_University,24:79:2a:2c:5c:1c,36,-72.0,mati-sh1,c4:12:f5:fd:6a:74,9,-71.0,Ariel_University,24:79:2a:2b:07:bc,36,-70.0,Ariel_University,24:79:2a:2b:02:78,6,-68.0, ,24:79:2a:ab:07:b7,36,-66.0,Ariel_University,24:79:2a:2b:07:b8,11,-64.0,Ariel_University,24:79:2a:2c:5c:18,11,-64.0,DIRECT-66-HP DeskJet 3630 series,30:e1:71:0d:e0:67,6,-61.0,
Wed May 12 11:41:00 IST 17,model=SM-G950F_device=dreamlte,32.104722780847304,35.210176197874326,685.7578901859382,2,Ariel_University,1c:b9:c4:16:05:38,11,-91.0,DIRECT-66-HP DeskJet 3630 series,30:e1:71:0d:e0:67,6,-55.0,
Wed May 12 11:41:00 IST 17,model=SM-G950F_device=dreamlte,null,null,null,3,iagree,b2:6c:ac:9f:fb:1f,1,-91.0,Ariel_University,1c:b9:c4:15:23:5c,36,-91.0,Guest,90:6c:ac:9f:fb:1f,1,-87.0,
Wed May 12 11:41:00 IST 17,model=SM-G950F_device=dreamlte,null,null,null,1,giftwizard,a2:6c:ac:a0:3d:eb,3,-84.0,
Wed May 12 11:41:00 IST 17,model=SM-G950F_device=dreamlte,32.10377567799517,35.20989278267361,700.3654913462012,3, ,1c:b9:c4:95:23:57,36,-89.0,DIRECT-8A-HP DeskJet 3630 series,3c:52:82:ef:a4:8b,6,-73.0, ,24:79:2a:ac:5c:17,36,-69.0,
Wed May 12 11:41:00 IST 17,model=SM-G950F_device=dreamlte,null,null,null,1,island-208B90,34:8f:27:60:8b:93,8,-75.0,
Wed May 12 11:41:00 IST 17,model=SM-G950F_device=dreamlte,32.1041295590091,35.21030466664262,702.5208931328657,3,Ariel_University,1c:b9:c4:15:34:b8,6,-89.0,Ariel_University,34:8f:27:20:89:b8,6,-72.0,Ariel_University,24:79:2a:2b:07:bc,36,-65.0,
Wed May 12 11:41:00 IST 17,model=SM-G950F_device=dreamlte,32.10371118061106,35.21016029391523,710.7704009485287,1,Ariel_University,1c:b9:c4:15:23:58,6,-85.0,
Wed May 12 11:41:00 IST 17,model=SM-G950F_device=dreamlte,null,null,null,1,Guest,90:6c:ac:a0:3d:eb,3,-76.0,
Wed May 12 11:43:00 IST 17,model=SM-G950F_device=dreamlte,32.10470534404801,35.210139685190576,685.7426262293628,2,Ariel_University,1c:b9:c4:16:05:38,11,-86.0,iagree,b2:6c:ac:9f:fb:1f,1,-86.0,
Wed May 12 11:43:00 IST 17,model=SM-G950F_device=dreamlte,null,null,null,1, ,1c:b9:c4:95:23:57,36,-89.0,
Wed May 12 11:43:00 IST 17,model=SM-G950F_device=dreamlte,32.10426713307515,35.20963184907921,686.3506507962696,3,Ariel_University,34:8f:27:20:89:bc,44,-91.0,CliClap,90:6c:ac:9f:f1:c5,2,-81.0,Guest,90:6c:ac:a0:3d:eb,3,-81.0,
Wed May 12 11:43:00 IST 17,model=SM-G950F_device=dreamlte,null,null,null,1, ,34:8f:27:a0:89:b7,44,-89.0,
Wed May 12 11:43:00 IST 17,model=SM-G950F_device=dreamlte,32.10365598333333,35.20902883,686.0000000000001,4,giftwizard,a2:6c:ac:a0:3d:eb,3,-76.0,sinusafe,b2:6c:ac:a0:3d:eb,3,-75.0,Ariel_University,24:79:2a:2b:02:7c,44,-74.0, ,24:79:2a:ab:02:77,44,-74.0,
Wed May 12 11:43:00 IST 17,model=SM-G950F_device=dreamlte,32.103868417680864,35.21050983249775,702.1809427910558,10,Guest,a2:6c:ac:9f:f1:c5,2,-80.0,DIRECT-8A-HP DeskJet 3630 series,3c:52:82:ef:a4:8b,6,-79.0,Ariel_University,24:79:2a:2b:07:b8,11,-72.0, ,24:79:2a:ac:5c:17,36,-72.0,Ariel_University,24:79:2a:2b:07:bc,36,-71.0, ,24:79:2a:ab:07:b7,36,-71.0,Ariel_University,24:79:2a:2c:5c:1c,36,-70.0,Ariel_University,24:79:2a:2c:5c:18,11,-69.0,Ariel_University,24:79:2a:2b:02:78,6,-68.0,DIRECT-66-HP DeskJet 3630 series,30:e1:71:0d:e0:67,6,-56.0,
Wed May 12 11:43:00 IST 17,model=SM-G950F_device=dreamlte,32.10393450560439,35.21063738845121,699.8348258250934,1,Ariel_University,24:79:2a:2b:07:b8,11,-65.0,
Wed May 12 11:43:00 IST 17,model=SM-G950F_device=dreamlte,null,null,null,1,Ariel_University,34:8f:27:20:89:b8,6,-77.0,
Wed May 12 11:43:00 IST 17,model=SM-G950F_device=dreamlte,32.10422152563995,35.21003889107104,691.2625850280232,2,Ariel_University,1c:b9:c4:15:23:58,6,-80.0,Ariel_University,24:79:2a:2c:5c:18,11,-64.0,
Wed May 12 11:43:00 IST 17,model=SM-G950F_device=dreamlte,null,null,null,5,Neuropplied,a2:6c:ac:9f:fb:1f,1,-90.0,mati-sh1,c4:12:f5:fd:6a:74,9,-87.0,iagree,b2:6c:ac:9f:fb:1f,1,-87.0,island-208B90,34:8f:27:60:8b:93,8,-85.0,Ariel_University,24:79:2a:2b:07:bc,36,-66.0,
Wed May 12 11:43:00 IST 17,model=SM-G950F_device=dreamlte,32.10436981795327,35.20953262683175,686.422991653708,2,shapedo,c2:6c:ac:9f:fb:1f,1,-90.0,paysday,b2:6c:ac:9f:f1:c5,2,-77.0,
Wed May 12 11:43:00 IST 17,model=SM-G950F_device=dreamlte,32.10436580666667,35.20948745333333,686.0,1, ,24:79:2a:ab:07:b7,36,-66.0,
Wed May 12 11:43:00 IST 17,model=SM-G950F_device=dreamlte,32.10409484311133,35.20932103976842,689.25052631005,1,shapedo,c2:6c:ac:9f:fb:1f,1,-85.0,
Wed May 12 11:44:00 IST 17,model=SM-G950F_device=dreamlte,null,null,null,1,Guest,90:6c:ac:9f:fb:1f,1,-85.0,
Wed May 12 11:44:00 IST 17,model=SM-G950F_device=dreamlte,32.10390911160195,35.21058614727261,701.5828411489963,2,Ariel_University,24:79:2a:2b:07:bc,36,-61.0,Ariel_University,24:79:2a:2b:07:b8,11,-59.0,
Wed May 12 11:44:00 IST 17,model=SM-G950F_device=dreamlte,32.10390911160195,35.2105861472726,701.5828411489962,1, ,24:79:2a:ac:5c:17,36,-67.0,
Wed May 12 11:45:00 IST 17,model=SM-G950F_device=dreamlte,32.10402757981538,35.2108646160968,704.9246767235829,10,Ariel_University,24:79:2a:2b:02:78,6,-75.0,Ariel_University,24:79:2a:2c:5c:18,11,-74.0,Ariel_University,24:79:2a:2b:07:b8,11,-72.0, ,24:79:2a:ab:07:b7,36,-71.0,Ariel_University,24:79:2a:2b:07:bc,36,-70.0,Ariel_University,24:79:2a:2b:02:78,6,-70.0,DIRECT-66-HP DeskJet 3630 series,30:e1:71:0d:e0:67,6,-68.0,Ariel_University,24:79:2a:2c:5c:1c,36,-67.0, ,24:79:2a:ac:5c:17,36,-67.0,DIRECT-66-HP DeskJet 3630 series,30:e1:71:0d:e0:67,6,-63.0,
Wed May 12 11:47:00 IST 17,model=SM-G950F_device=dreamlte,32.103321404297176,35.20975908085671,702.5630594203141,10,Ariel_University,24:79:2a:2b:02:78,6,-79.0,Ariel_University,34:8f:27:20:89:b8,6,-78.0,DIRECT-8A-HP DeskJet 3630 series,3c:52:82:ef:a4:8b,6,-77.0,Ariel_University,1c:b9:c4:16:06:b8,11,-75.0,Ariel_University,1c:b9:c4:16:06:bc,48,-73.0,Ariel_University,24:79:2a:2b:07:b8,11,-71.0,Ariel_University,1c:b9:c4:16:1d:7c,44,-71.0,Ariel_University,1c:b9:c4:16:1d:78,1,-69.0,Ariel_University,24:79:2a:2b:07:bc,36,-68.0, ,24:79:2a:ab:07:b7,36,-67.0,
Wed May 12 11:47:00 IST 17,model=SM-G950F_device=dreamlte,32.104010823793914,35.21000508198048,703.1825054202435,4, ,1c:b9:c4:96:ed:47,36,-86.0,Ariel_University,1c:b9:c4:16:ed:4c,36,-86.0,Ariel_University,24:79:2a:2c:5b:d8,1,-74.0,Ariel_University,24:79:2a:2b:07:b8,11,-66.0,
Wed May 12 11:47:00 IST 17,model=SM-G950F_device=dreamlte,32.10389034834311,35.20982213464409,700.753123984776,2,Ariel_University,24:79:2a:2c:5b:dc,36,-79.0,DIRECT-8A-HP DeskJet 3630 series,3c:52:82:ef:a4:8b,6,-72.0,
Wed May 12 11:47:00 IST 17,model=SM-G950F_device=dreamlte,32.10384498038697,35.20978987744113,700.6243011422994,2, ,1c:b9:c4:95:fd:47,36,-87.0, ,24:79:2a:ac:5b:d7,36,-81.0,
Wed May 12 11:47:00 IST 17,model=SM-G950F_device=dreamlte,32.1036896024278,35.21009697001257,699.51414166799,5,Ariel_University,1c:b9:c4:15:1c:b8,1,-90.0,IT-MNG,1c:b9:c4:15:ed:b8,1,-87.0,Ariel_University,1c:b9:c4:16:06:b8,11,-66.0, ,1c:b9:c4:96:06:b7,48,-66.0,Ariel_University,1c:b9:c4:16:06:bc,48,-65.0,
Wed May 12 11:47:00 IST 17,model=SM-G950F_device=dreamlte,32.103835472671314,35.21034654340421,705.3269015041882,7,IT-MNG,1c:b9:c4:15:ed:bc,48,-91.0, ,1c:b9:c4:95:ed:b7,48,-91.0,Ariel_University,1c:b9:c4:15:1c:bc,36,-90.0,DIRECT-13-HP DeskJet 3630 series,a0:8c:fd:0a:24:56,6,-87.0,Ariel_University,1c:b9:c4:16:ed:4c,36,-77.0,DIRECT-51-HP DeskJet 3630 series,3c:52:82:ef:d4:52,6,-75.0,Ariel_University,1c:b9:c4:16:ed:48,6,-73.0,
Wed May 12 11:48:00 IST 17,model=SM-G950F_device=dreamlte,32.103586598309484,35.20999410347442,705.0280984439873,3,Ariel_University,1c:b9:c4:16:e5:ac,36,-90.0, ,1c:b9:c4:96:e5:a7,36,-89.0,Ariel_University,1c:b9:c4:16:06:b8,11,-61.0,
