WigleWifi-1.4,appRelease=2.26,model=EVA-L09,release=7.0,device=HWEVA,display=EVA-L09C576B386,board=EVA,brand=HUAWEI
MAC,SSID,AuthMode,FirstSeen,Channel,RSSI,CurrentLatitude,CurrentLongitude,AltitudeMeters,AccuracyMeters,Type
1c:b9:c4:16:06:b8,Ariel_University,[ESS],2017-11-09 10:46:40,1,-81,32.103575721767356,35.20981358320715,700.7934038854937,4,WIFI
1c:b9:c4:96:06:b7,,[WPA2-PSK-CCMP][ESS],2017-11-09 10:46:40,36,-71,32.103575721767356,35.20981358320715,700.7934038854937,4,WIFI
1c:b9:c4:16:06:bc,Ariel_University,[ESS],2017-11-09 10:46:40,36,-76,32.103575721767356,35.20981358320715,700.7934038854937,4,WIFI
3c:52:82:ef:d4:52,DIRECT-51-HP DeskJet 3630 series,[WPA2-PSK-CCMP][WPS][ESS][P2P],2017-11-09 10:46:40,6,-79,32.103575721767356,35.20981358320715,700.7934038854937,4,WIFI
24:79:2a:2c:5c:18,Ariel_University,[ESS],2017-11-09 10:46:40,11,-81,32.103575721767356,35.20981358320715,700.7934038854937,4,WIFI
1c:b9:c4:15:fd:48,Ariel_University,[ESS],2017-11-09 10:46:40,1,-90,32.103575721767356,35.20981358320715,700.7934038854937,4,WIFI
24:79:2a:2c:5b:dc,Ariel_University,[ESS],2017-11-09 10:46:40,36,-83,32.103575721767356,35.20981358320715,700.7934038854937,4,WIFI
24:79:2a:2b:bd:88,Ariel_University,[ESS],2017-11-09 10:46:40,11,-83,32.103575721767356,35.20981358320715,700.7934038854937,4,WIFI
1c:b9:c4:16:ed:48,Ariel_University,[ESS],2017-11-09 10:46:40,6,-90,32.103575721767356,35.20981358320715,700.7934038854937,4,WIFI
24:79:2a:2c:5b:d8,Ariel_University,[ESS],2017-11-09 10:46:40,1,-85,32.103575721767356,35.20981358320715,700.7934038854937,4,WIFI
24:79:2a:2b:07:b8,Ariel_University,[ESS],2017-11-09 10:46:40,11,-85,32.103575721767356,35.20981358320715,700.7934038854937,4,WIFI
1c:b9:c4:16:1d:78,Ariel_University,[ESS],2017-11-09 10:46:40,11,-84,32.103575721767356,35.20981358320715,700.7934038854937,4,WIFI
3c:52:82:ef:a4:8b,DIRECT-8A-HP DeskJet 3630 series,[WPA2-PSK-CCMP][WPS][ESS][P2P],2017-11-09 10:46:40,6,-86,32.103575721767356,35.20981358320715,700.7934038854937,4,WIFI
1c:b9:c4:12:af:7c,Ariel_University,[ESS],2017-11-09 10:46:40,40,-81,32.103575721767356,35.20981358320715,700.7934038854937,4,WIFI
1c:b9:c4:16:ed:3c,Ariel_University,[ESS],2017-11-09 10:46:40,44,-87,32.103575721767356,35.20981358320715,700.7934038854937,4,WIFI
1c:b9:c4:16:ed:38,Ariel_University,[ESS],2017-11-09 10:46:40,6,-84,32.103575721767356,35.20981358320715,700.7934038854937,4,WIFI
1c:b9:c4:15:1c:b8,Ariel_University,[ESS],2017-11-09 10:46:40,1,-88,32.103575721767356,35.20981358320715,700.7934038854937,4,WIFI
00:27:19:e8:ed:58,AUC,[ESS],2017-11-09 10:46:40,9,-92,32.103575721767356,35.20981358320715,700.7934038854937,4,WIFI
42501_7211_3084801,Partner,UNKNOWN;il,2017-11-09 10:46:40,0,-113,32.103575721767356,35.20981358320715,700.7934038854937,4,GSM
1c:b9:c4:96:f1:57,,[WPA2-PSK-CCMP][ESS],2017-11-09 10:46:44,44,-84,32.103546403884316,35.20979907478348,701.0263730622981,4,WIFI
00:1d:aa:81:d8:3c,KCG-ADSL,[WPA2-PSK-CCMP][WPS][ESS],2017-11-09 10:46:44,3,-85,32.103546403884316,35.20979907478348,701.0263730622981,4,WIFI
1c:b9:c4:16:f1:5c,Ariel_University,[ESS],2017-11-09 10:46:44,44,-85,32.103546403884316,35.20979907478348,701.0263730622981,4,WIFI
1c:b9:c4:15:ec:3c,Ariel_University,[ESS],2017-11-09 10:46:44,36,-88,32.103546403884316,35.20979907478348,701.0263730622981,4,WIFI
1c:b9:c4:12:90:bc,Ariel_University,[ESS],2017-11-09 10:46:46,40,-86,32.1035334314024,35.20979323713615,701.0974182925469,4,WIFI
1c:b9:c4:15:1c:bc,Ariel_University,[ESS],2017-11-09 10:46:46,36,-87,32.1035334314024,35.20979323713615,701.0974182925469,4,WIFI
1c:b9:c4:12:af:78,Ariel_University,[ESS],2017-11-09 10:46:46,11,-87,32.1035334314024,35.20979323713615,701.0974182925469,4,WIFI
1c:b9:c4:16:e5:a8,Ariel_University,[ESS],2017-11-09 10:46:46,11,-89,32.1035334314024,35.20979323713615,701.0974182925469,4,WIFI
1c:b9:c4:92:af:77,,[WPA2-PSK-CCMP][ESS],2017-11-09 10:46:47,40,-80,32.10352515720742,35.20978887858082,701.1206552119431,4,WIFI
1c:b9:c4:16:e5:ac,Ariel_University,[ESS],2017-11-09 10:46:47,52,-87,32.10352515720742,35.20978887858082,701.1206552119431,4,WIFI
1c:b9:c4:14:30:3c,Ariel_University,[ESS],2017-11-09 10:46:47,44,-87,32.10352515720742,35.20978887858082,701.1206552119431,4,WIFI
00:1d:aa:81:d8:3c,KCG-ADSL,[WPA2-PSK-CCMP][WPS][ESS],2017-11-09 10:46:49,3,-79,32.10350147775975,35.2097804234569,701.1689249594424,4,WIFI
1c:b9:c4:96:e5:a7,,[WPA2-PSK-CCMP][ESS],2017-11-09 10:46:49,52,-83,32.10350147775975,35.2097804234569,701.1689249594424,4,WIFI
1c:b9:c4:16:f1:58,Ariel_University,[ESS],2017-11-09 10:46:49,11,-85,32.10350147775975,35.2097804234569,701.1689249594424,4,WIFI
1c:b9:c4:16:f1:5c,Ariel_University,[ESS],2017-11-09 10:46:51,44,-78,32.103483183163924,35.20977622295387,701.2902998096471,4,WIFI
1c:b9:c4:16:e5:ac,Ariel_University,[ESS],2017-11-09 10:46:51,52,-82,32.103483183163924,35.20977622295387,701.2902998096471,4,WIFI
a0:8c:fd:0a:24:56,DIRECT-13-HP DeskJet 3630 series,[WPA2-PSK-CCMP][WPS][ESS][P2P],2017-11-09 10:46:51,6,-80,32.103483183163924,35.20977622295387,701.2902998096471,4,WIFI
30:e1:71:0d:e0:63,DIRECT-61-HP DeskJet 3630 series,[WPA2-PSK-CCMP][WPS][ESS][P2P],2017-11-09 10:46:53,6,-75,32.10345648240087,35.209763173616544,701.4746558274165,4,WIFI
1c:b9:c4:95:fd:47,,[WPA2-PSK-CCMP][ESS],2017-11-09 10:46:53,44,-86,32.10345648240087,35.209763173616544,701.4746558274165,4,WIFI
c0:4a:00:71:ee:ee,Onicom,[WPA-PSK-CCMP+TKIP][WPA2-PSK-CCMP+TKIP][WPS][ESS],2017-11-09 10:46:53,9,-94,32.10345648240087,35.209763173616544,701.4746558274165,4,WIFI
1c:b9:c4:15:fd:4c,Ariel_University,[ESS],2017-11-09 10:46:53,44,-86,32.10345648240087,35.209763173616544,701.4746558274165,4,WIFI
1c:b9:c4:16:ed:48,Ariel_University,[ESS],2017-11-09 10:46:55,6,-84,32.10343418647773,35.20975032365214,701.6698276786367,4,WIFI
1c:b9:c4:16:06:b8,Ariel_University,[ESS],2017-11-09 10:46:55,1,-74,32.10343418647773,35.20975032365214,701.6698276786367,4,WIFI
1c:b9:c4:96:ed:37,,[WPA2-PSK-CCMP][ESS],2017-11-09 10:46:55,44,-84,32.10343418647773,35.20975032365214,701.6698276786367,4,WIFI
1c:b9:c4:14:2b:8c,Ariel_University,[ESS],2017-11-09 10:46:55,36,-84,32.10343418647773,35.20975032365214,701.6698276786367,4,WIFI
1c:b9:c4:14:2b:88,Ariel_University,[ESS],2017-11-09 10:46:55,6,-81,32.10343418647773,35.20975032365214,701.6698276786367,4,WIFI
1c:b9:c4:16:ed:4c,Ariel_University,[ESS],2017-11-09 10:46:55,36,-85,32.10343418647773,35.20975032365214,701.6698276786367,4,WIFI
1c:b9:c4:15:1c:b8,Ariel_University,[ESS],2017-11-09 10:46:55,1,-83,32.10343418647773,35.20975032365214,701.6698276786367,4,WIFI
d8:5d:4c:9e:69:22,AUC_4_2_24,[ESS],2017-11-09 10:46:55,1,-87,32.10343418647773,35.20975032365214,701.6698276786367,4,WIFI
1c:b9:c4:16:ed:38,Ariel_University,[ESS],2017-11-09 10:46:57,6,-78,32.10341153790137,35.209736180312774,701.8609489696696,4,WIFI
00:27:19:e8:ed:58,AUC,[ESS],2017-11-09 10:46:57,9,-87,32.10341153790137,35.209736180312774,701.8609489696696,4,WIFI
1c:b9:c4:94:2b:87,,[WPA2-PSK-CCMP][ESS],2017-11-09 10:46:57,36,-84,32.10341153790137,35.209736180312774,701.8609489696696,4,WIFI
1c:b9:c4:15:ed:b8,IT-MNG,[WPA2-PSK-CCMP+TKIP][ESS],2017-11-09 10:46:59,1,-89,32.10338619985673,35.20972052258957,702.0594256513319,4,WIFI
1c:b9:c4:16:f4:7c,Ariel_University,[ESS],2017-11-09 10:46:59,36,-87,32.10338619985673,35.20972052258957,702.0594256513319,4,WIFI
1c:b9:c4:15:ed:bc,IT-MNG,[WPA2-PSK-CCMP+TKIP][ESS],2017-11-09 10:47:01,48,-87,32.10336095839262,35.20970358562172,702.2328157351955,4,WIFI
1c:b9:c4:12:90:b8,Ariel_University,[ESS],2017-11-09 10:47:03,11,-85,32.10333915125788,35.20969271110107,702.380387841058,4,WIFI
1c:b9:c4:95:1c:b7,,[WPA2-PSK-CCMP][ESS],2017-11-09 10:47:03,36,-85,32.10333915125788,35.20969271110107,702.380387841058,4,WIFI
3c:52:82:ef:c4:3c,DIRECT-3B-HP DeskJet 3630 series,[WPA2-PSK-CCMP][WPS][ESS][P2P],2017-11-09 10:47:07,6,-78,32.10330059584223,35.20968295206526,702.680472479812,4,WIFI
1c:b9:c4:16:ed:3c,Ariel_University,[ESS],2017-11-09 10:47:09,44,-81,32.103277130898256,35.20967530227266,702.8719719355164,4,WIFI
1c:b9:c4:16:ed:3c,Ariel_University,[ESS],2017-11-09 10:47:11,44,-75,32.103258964874065,35.20967051293601,703.0524029339106,4,WIFI
1c:b9:c4:12:af:7c,Ariel_University,[ESS],2017-11-09 10:47:13,40,-76,32.103234723383785,35.209657277233156,703.2245027655915,4,WIFI
00:27:19:e8:ed:58,AUC,[ESS],2017-11-09 10:47:13,9,-82,32.103234723383785,35.209657277233156,703.2245027655915,4,WIFI
1c:b9:c4:12:af:78,Ariel_University,[ESS],2017-11-09 10:47:13,11,-80,32.103234723383785,35.209657277233156,703.2245027655915,4,WIFI
1c:b9:c4:15:ec:38,Ariel_University,[ESS],2017-11-09 10:47:17,6,-82,32.10319870929747,35.20963568304852,703.5579900591209,4,WIFI
1c:b9:c4:14:30:38,Ariel_University,[ESS],2017-11-09 10:47:19,1,-90,32.10318710791655,35.209625411895175,703.6961092583782,4,WIFI
1c:b9:c4:16:f4:78,Ariel_University,[ESS],2017-11-09 10:47:19,1,-90,32.10318710791655,35.209625411895175,703.6961092583782,4,WIFI
1c:b9:c4:96:ed:37,,[WPA2-PSK-CCMP][ESS],2017-11-09 10:47:24,44,-78,32.103166296833244,35.20960457704089,704.0759988101406,4,WIFI
ec:8c:a2:08:94:18,Ariel_University,[ESS],2017-11-09 10:47:34,1,-88,32.10316437974139,35.20949285701035,704.9420144875271,6,WIFI
ec:8c:a2:08:94:18,Ariel_University,[ESS],2017-11-09 10:47:38,1,-83,32.1031595113166,35.20946312201228,705.131879970234,6,WIFI
ec:8c:a2:08:94:1c,Ariel_University,[ESS],2017-11-09 10:47:38,40,-74,32.1031595113166,35.20946312201228,705.131879970234,6,WIFI
1c:b9:c4:16:d2:8c,Ariel_University,[ESS],2017-11-09 10:47:45,44,-87,32.103127754084795,35.209359587375864,705.574912144153,8,WIFI
42501_7213_5475842,Partner,UNKNOWN;il,2017-11-09 10:47:45,0,-113,32.103127754084795,35.209359587375864,705.574912144153,8,GSM
ec:8c:a2:08:94:18,Ariel_University,[ESS],2017-11-09 10:47:49,1,-78,32.10311537907794,35.209331881074235,705.6466821902725,8,WIFI
1c:b9:c4:16:f4:2c,Ariel_University,[ESS],2017-11-09 10:47:49,44,-87,32.10311537907794,35.209331881074235,705.6466821902725,8,WIFI
ec:8c:a2:08:94:1c,Ariel_University,[ESS],2017-11-09 10:47:53,40,-66,32.1030952921671,35.209301437449874,705.7949391459308,8,WIFI
1c:b9:c4:16:d2:8c,Ariel_University,[ESS],2017-11-09 10:47:53,44,-78,32.1030952921671,35.209301437449874,705.7949391459308,8,WIFI
1c:b9:c4:12:90:b8,Ariel_University,[ESS],2017-11-09 10:47:53,11,-78,32.1030952921671,35.209301437449874,705.7949391459308,8,WIFI
1c:b9:c4:14:2f:68,Ariel_University,[ESS],2017-11-09 10:47:53,6,-88,32.1030952921671,35.209301437449874,705.7949391459308,8,WIFI
ec:8c:a2:88:94:17,,[WPA2-PSK-CCMP][ESS],2017-11-09 10:47:53,40,-66,32.1030952921671,35.209301437449874,705.7949391459308,8,WIFI
1c:b9:c4:12:90:bc,Ariel_University,[ESS],2017-11-09 10:47:53,40,-72,32.1030952921671,35.209301437449874,705.7949391459308,8,WIFI
1c:b9:c4:14:33:c8,Ariel_University,[ESS],2017-11-09 10:47:53,11,-74,32.1030952921671,35.209301437449874,705.7949391459308,8,WIFI
1c:b9:c4:15:43:ec,Ariel_University,[ESS],2017-11-09 10:47:53,36,-84,32.1030952921671,35.209301437449874,705.7949391459308,8,WIFI
1c:b9:c4:12:90:b8,Ariel_University,[ESS],2017-11-09 10:47:55,11,-68,32.10307476156055,35.20927633347766,705.8846955316465,8,WIFI
1c:b9:c4:16:f4:2c,Ariel_University,[ESS],2017-11-09 10:47:55,44,-73,32.10307476156055,35.20927633347766,705.8846955316465,8,WIFI
1c:b9:c4:16:f4:28,Ariel_University,[ESS],2017-11-09 10:47:55,11,-76,32.10307476156055,35.20927633347766,705.8846955316465,8,WIFI
1c:b9:c4:14:2f:68,Ariel_University,[ESS],2017-11-09 10:47:55,6,-82,32.10307476156055,35.20927633347766,705.8846955316465,8,WIFI
1c:b9:c4:12:90:bc,Ariel_University,[ESS],2017-11-09 10:47:55,40,-65,32.10307476156055,35.20927633347766,705.8846955316465,8,WIFI
34:8f:27:20:8c:1c,Ariel_University,[ESS],2017-11-09 10:47:55,36,-82,32.10307476156055,35.20927633347766,705.8846955316465,8,WIFI
1c:b9:c4:16:28:f8,Ariel_University,[ESS],2017-11-09 10:47:55,6,-86,32.10307476156055,35.20927633347766,705.8846955316465,8,WIFI
1c:b9:c4:12:7c:c8,Ariel_University,[ESS],2017-11-09 10:47:55,11,-89,32.10307476156055,35.20927633347766,705.8846955316465,8,WIFI
1c:b9:c4:12:90:b8,Ariel_University,[ESS],2017-11-09 10:47:57,11,-61,32.10303676112942,35.20926265274423,705.9831206567927,8,WIFI
1c:b9:c4:16:f4:2c,Ariel_University,[ESS],2017-11-09 10:47:57,44,-66,32.10303676112942,35.20926265274423,705.9831206567927,8,WIFI
1c:b9:c4:15:43:ec,Ariel_University,[ESS],2017-11-09 10:47:57,36,-72,32.10303676112942,35.20926265274423,705.9831206567927,8,WIFI
1c:b9:c4:92:90:b7,,[WPA2-PSK-CCMP][ESS],2017-11-09 10:47:57,40,-65,32.10303676112942,35.20926265274423,705.9831206567927,8,WIFI
f8:d1:11:77:77:c6,HelpDesk,[WPA-PSK-CCMP+TKIP][WPA2-PSK-CCMP+TKIP][ESS],2017-11-09 10:47:57,4,-79,32.10303676112942,35.20926265274423,705.9831206567927,8,WIFI
1c:b9:c4:14:33:cc,Ariel_University,[ESS],2017-11-09 10:47:57,36,-76,32.10303676112942,35.20926265274423,705.9831206567927,8,WIFI
1c:b9:c4:16:28:fc,Ariel_University,[ESS],2017-11-09 10:47:57,36,-77,32.10303676112942,35.20926265274423,705.9831206567927,8,WIFI
1c:b9:c4:16:f4:28,Ariel_University,[ESS],2017-11-09 10:47:59,11,-71,32.103013175915905,35.209270938378474,706.0693042038819,8,WIFI
1c:b9:c4:12:90:bc,Ariel_University,[ESS],2017-11-09 10:47:59,40,-60,32.103013175915905,35.209270938378474,706.0693042038819,8,WIFI
1c:b9:c4:96:f4:27,,[WPA2-PSK-CCMP][ESS],2017-11-09 10:47:59,44,-67,32.103013175915905,35.209270938378474,706.0693042038819,8,WIFI
1c:b9:c4:16:28:f8,Ariel_University,[ESS],2017-11-09 10:48:01,6,-77,32.10299705887529,35.20927853579537,706.204399838075,8,WIFI
1c:b9:c4:96:28:f7,,[WPA2-PSK-CCMP][ESS],2017-11-09 10:48:01,36,-78,32.10299705887529,35.20927853579537,706.204399838075,8,WIFI
1c:b9:c4:16:f4:2c,Ariel_University,[ESS],2017-11-09 10:48:03,44,-61,32.102985840888635,35.209274260662056,706.3706042795008,8,WIFI
1c:b9:c4:96:f4:27,,[WPA2-PSK-CCMP][ESS],2017-11-09 10:48:03,44,-62,32.102985840888635,35.209274260662056,706.3706042795008,8,WIFI
1c:b9:c4:95:43:e7,,[WPA2-PSK-CCMP][ESS],2017-11-09 10:48:03,36,-82,32.102985840888635,35.209274260662056,706.3706042795008,8,WIFI
1c:b9:c4:96:d2:87,,[WPA2-PSK-CCMP][ESS],2017-11-09 10:48:03,44,-83,32.102985840888635,35.209274260662056,706.3706042795008,8,WIFI
a0:ab:1b:60:b4:ca,036518749,[WPA2-PSK-CCMP][ESS],2017-11-09 10:48:03,5,-82,32.102985840888635,35.209274260662056,706.3706042795008,8,WIFI
62:ab:1b:60:b4:cb,Bezeq Free,[WPA2-PSK-CCMP][ESS],2017-11-09 10:48:03,5,-86,32.102985840888635,35.209274260662056,706.3706042795008,8,WIFI
a0:8c:fd:0a:52:01,DIRECT-02-HP DeskJet 3630 series,[WPA2-PSK-CCMP][WPS][ESS][P2P],2017-11-09 10:48:03,3,-87,32.102985840888635,35.209274260662056,706.3706042795008,8,WIFI
42501_7211_3084803,Partner,UNKNOWN;il,2017-11-09 10:48:03,0,-113,32.102985840888635,35.209274260662056,706.3706042795008,8,GSM
ec:8c:a2:26:b1:78,Ariel_University,[ESS],2017-11-09 10:48:07,1,-79,32.10296564898524,35.20927855445246,706.738950993777,8,WIFI
1c:b9:c4:15:43:e8,Ariel_University,[ESS],2017-11-09 10:48:07,1,-83,32.10296564898524,35.20927855445246,706.738950993777,8,WIFI
1c:b9:c4:15:43:e8,Ariel_University,[ESS],2017-11-09 10:48:09,1,-75,32.10295850674388,35.20928588428216,706.8868207713351,8,WIFI
1c:b9:c4:15:3d:58,Ariel_University,[ESS],2017-11-09 10:48:09,11,-86,32.10295850674388,35.20928588428216,706.8868207713351,8,WIFI
a0:8c:fd:0a:52:01,DIRECT-02-HP DeskJet 3630 series,[WPA2-PSK-CCMP][WPS][ESS][P2P],2017-11-09 10:48:10,3,-78,32.10295215788687,35.2092884636544,706.9580724719207,8,WIFI
1c:b9:c4:16:04:78,Ariel_University,[ESS],2017-11-09 10:48:10,11,-85,32.10295215788687,35.2092884636544,706.9580724719207,8,WIFI
ec:8c:a2:26:b1:78,Ariel_University,[ESS],2017-11-09 10:48:12,1,-74,32.10294456700579,35.20929618897968,707.1000385339037,8,WIFI
ec:8c:a2:26:b1:78,Ariel_University,[ESS],2017-11-09 10:48:14,1,-68,32.10294017565559,35.20930241195586,707.2343796747998,8,WIFI
1c:b9:c4:15:3d:5c,Ariel_University,[ESS],2017-11-09 10:48:14,36,-81,32.10294017565559,35.20930241195586,707.2343796747998,8,WIFI
1c:b9:c4:16:f4:2c,Ariel_University,[ESS],2017-11-09 10:48:16,44,-56,32.102922675450024,35.20931010675684,707.4638185922994,8,WIFI
1c:b9:c4:96:f4:27,,[WPA2-PSK-CCMP][ESS],2017-11-09 10:48:16,44,-57,32.102922675450024,35.20931010675684,707.4638185922994,8,WIFI
a0:8c:fd:0a:52:01,DIRECT-02-HP DeskJet 3630 series,[WPA2-PSK-CCMP][WPS][ESS][P2P],2017-11-09 10:48:16,3,-73,32.102922675450024,35.20931010675684,707.4638185922994,8,WIFI
1c:b9:c4:95:43:e7,,[WPA2-PSK-CCMP][ESS],2017-11-09 10:48:16,36,-77,32.102922675450024,35.20931010675684,707.4638185922994,8,WIFI
1c:b9:c4:94:33:c7,,[WPA2-PSK-CCMP][ESS],2017-11-09 10:48:16,36,-79,32.102922675450024,35.20931010675684,707.4638185922994,8,WIFI
1c:b9:c4:15:ec:38,Ariel_University,[ESS],2017-11-09 10:48:18,6,-77,32.10290881095311,35.209314782193566,707.7022627283363,8,WIFI
1c:b9:c4:16:f4:78,Ariel_University,[ESS],2017-11-09 10:48:22,1,-85,32.10288828136451,35.20932759040773,708.2363956069771,12,WIFI
1c:b9:c4:16:28:f8,Ariel_University,[ESS],2017-11-09 10:48:24,6,-70,32.10288010457391,35.20933830563606,708.4883453415838,12,WIFI
a0:ab:1b:60:b4:ca,036518749,[WPA2-PSK-CCMP][ESS],2017-11-09 10:48:26,5,-76,32.10285082391431,35.20937010137102,708.7250409444198,12,WIFI
1c:b9:c4:14:30:3c,Ariel_University,[ESS],2017-11-09 10:48:26,44,-81,32.10285082391431,35.20937010137102,708.7250409444198,12,WIFI
62:ab:1b:60:b4:cb,Bezeq Free,[WPA2-PSK-CCMP][ESS],2017-11-09 10:48:27,5,-72,32.10283482624797,35.20939425040303,708.8458546675124,12,WIFI
1c:b9:c4:16:11:a8,Ariel_University,[ESS],2017-11-09 10:48:27,1,-89,32.10283482624797,35.20939425040303,708.8458546675124,12,WIFI
a0:ab:1b:60:b4:ca,036518749,[WPA2-PSK-CCMP][ESS],2017-11-09 10:48:27,5,-62,32.10283482624797,35.20939425040303,708.8458546675124,12,WIFI
62:ab:1b:60:b4:cb,Bezeq Free,[WPA2-PSK-CCMP][ESS],2017-11-09 10:48:27,5,-61,32.10283482624797,35.20939425040303,708.8458546675124,12,WIFI
1c:b9:c4:16:11:a8,Ariel_University,[ESS],2017-11-09 10:48:31,1,-82,32.10280907738011,35.20945811540976,710.3239605766224,12,WIFI
1c:b9:c4:16:04:7c,Ariel_University,[ESS],2017-11-09 10:48:31,36,-86,32.10280907738011,35.20945811540976,710.3239605766224,12,WIFI
1c:b9:c4:15:ed:78,Ariel_University,[ESS],2017-11-09 10:48:31,6,-90,32.10280907738011,35.20945811540976,710.3239605766224,12,WIFI
1c:b9:c4:16:04:7c,Ariel_University,[ESS],2017-11-09 10:48:37,36,-81,32.102798006072014,35.20943763141981,711.1216349750152,16,WIFI
1c:b9:c4:15:3d:58,Ariel_University,[ESS],2017-11-09 10:48:37,11,-77,32.102798006072014,35.20943763141981,711.1216349750152,16,WIFI
1c:b9:c4:15:ed:78,Ariel_University,[ESS],2017-11-09 10:48:37,6,-85,32.102798006072014,35.20943763141981,711.1216349750152,16,WIFI
1c:b9:c4:15:3d:5c,Ariel_University,[ESS],2017-11-09 10:48:37,36,-72,32.102798006072014,35.20943763141981,711.1216349750152,16,WIFI
1c:b9:c4:96:04:77,,[WPA2-PSK-CCMP][ESS],2017-11-09 10:48:37,36,-81,32.102798006072014,35.20943763141981,711.1216349750152,16,WIFI
1c:b9:c4:16:f1:98,Ariel_University,[ESS],2017-11-09 10:48:37,11,-86,32.102798006072014,35.20943763141981,711.1216349750152,16,WIFI
1c:b9:c4:15:1b:88,Ariel_University,[ESS],2017-11-09 10:48:37,11,-87,32.102798006072014,35.20943763141981,711.1216349750152,16,WIFI
1c:b9:c4:16:04:7c,Ariel_University,[ESS],2017-11-09 10:48:41,36,-72,32.10280082658249,35.20942188920968,711.4919020483359,16,WIFI
1c:b9:c4:15:3d:58,Ariel_University,[ESS],2017-11-09 10:48:41,11,-72,32.10280082658249,35.20942188920968,711.4919020483359,16,WIFI
1c:b9:c4:15:ed:78,Ariel_University,[ESS],2017-11-09 10:48:41,6,-72,32.10280082658249,35.20942188920968,711.4919020483359,16,WIFI
1c:b9:c4:15:3d:5c,Ariel_University,[ESS],2017-11-09 10:48:41,36,-66,32.10280082658249,35.20942188920968,711.4919020483359,16,WIFI
1c:b9:c4:16:04:78,Ariel_University,[ESS],2017-11-09 10:48:41,11,-80,32.10280082658249,35.20942188920968,711.4919020483359,16,WIFI
1c:b9:c4:15:1b:88,Ariel_University,[ESS],2017-11-09 10:48:41,11,-82,32.10280082658249,35.20942188920968,711.4919020483359,16,WIFI
1c:b9:c4:16:f1:48,Ariel_University,[ESS],2017-11-09 10:48:41,1,-84,32.10280082658249,35.20942188920968,711.4919020483359,16,WIFI
1c:b9:c4:95:ed:77,,[WPA2-PSK-CCMP][ESS],2017-11-09 10:48:41,60,-77,32.10280082658249,35.20942188920968,711.4919020483359,16,WIFI
1c:b9:c4:95:1b:87,,[WPA2-PSK-CCMP][ESS],2017-11-09 10:48:41,58,-79,32.10280082658249,35.20942188920968,711.4919020483359,16,WIFI
1c:b9:c4:96:f1:97,,[WPA2-PSK-CCMP][ESS],2017-11-09 10:48:41,60,-81,32.10280082658249,35.20942188920968,711.4919020483359,16,WIFI
c4:12:f5:f6:a0:18,lab_6.1.3,[WPA2-PSK-CCMP][ESS],2017-11-09 10:48:41,3,-88,32.10280082658249,35.20942188920968,711.4919020483359,16,WIFI
1c:b9:c4:16:11:ac,Ariel_University,[ESS],2017-11-09 10:48:41,44,-74,32.10280082658249,35.20942188920968,711.4919020483359,16,WIFI
1c:b9:c4:15:1b:8c,Ariel_University,[ESS],2017-11-09 10:48:41,58,-79,32.10280082658249,35.20942188920968,711.4919020483359,16,WIFI
1c:b9:c4:15:3d:58,Ariel_University,[ESS],2017-11-09 10:48:43,11,-64,32.10279499985168,35.209400107465434,711.6144329031409,16,WIFI
1c:b9:c4:96:04:77,,[WPA2-PSK-CCMP][ESS],2017-11-09 10:48:43,36,-68,32.10279499985168,35.209400107465434,711.6144329031409,16,WIFI
1c:b9:c4:16:11:ac,Ariel_University,[ESS],2017-11-09 10:48:43,44,-65,32.10279499985168,35.209400107465434,711.6144329031409,16,WIFI
10:be:f5:35:aa:ea,Andrey,[WPA2-PSK-CCMP][ESS],2017-11-09 10:48:43,11,-89,32.10279499985168,35.209400107465434,711.6144329031409,16,WIFI
ec:8c:a2:26:b1:78,Ariel_University,[ESS],2017-11-09 10:48:45,1,-62,32.10278135398168,35.20943440148,711.7977711558608,16,WIFI
1c:b9:c4:16:11:a8,Ariel_University,[ESS],2017-11-09 10:48:45,1,-72,32.10278135398168,35.20943440148,711.7977711558608,16,WIFI
1c:b9:c4:15:1b:88,Ariel_University,[ESS],2017-11-09 10:48:45,11,-77,32.10278135398168,35.20943440148,711.7977711558608,16,WIFI
1c:b9:c4:96:11:a7,,[WPA2-PSK-CCMP][ESS],2017-11-09 10:48:45,44,-72,32.10278135398168,35.20943440148,711.7977711558608,16,WIFI
30:e1:71:0f:a2:72,DIRECT-71-HP DeskJet 3630 series,[WPA2-PSK-CCMP][WPS][ESS][P2P],2017-11-09 10:48:45,6,-83,32.10278135398168,35.20943440148,711.7977711558608,16,WIFI
1c:b9:c4:15:3d:5c,Ariel_University,[ESS],2017-11-09 10:48:47,36,-61,32.10276073821744,35.209449583343535,711.9738976949885,12,WIFI
1c:b9:c4:16:f1:48,Ariel_University,[ESS],2017-11-09 10:48:47,1,-79,32.10276073821744,35.209449583343535,711.9738976949885,12,WIFI
1c:b9:c4:15:1b:8c,Ariel_University,[ESS],2017-11-09 10:48:47,58,-70,32.10276073821744,35.209449583343535,711.9738976949885,12,WIFI
1c:b9:c4:95:3d:57,,[WPA2-PSK-CCMP][ESS],2017-11-09 10:48:47,36,-65,32.10276073821744,35.209449583343535,711.9738976949885,12,WIFI
1c:b9:c4:96:f1:47,,[WPA2-PSK-CCMP][ESS],2017-11-09 10:48:47,36,-80,32.10276073821744,35.209449583343535,711.9738976949885,12,WIFI
1c:b9:c4:16:f1:4c,Ariel_University,[ESS],2017-11-09 10:48:47,36,-79,32.10276073821744,35.209449583343535,711.9738976949885,12,WIFI
1c:b9:c4:96:f1:47,,[WPA2-PSK-CCMP][ESS],2017-11-09 10:48:47,36,-73,32.10276073821744,35.209449583343535,711.9738976949885,12,WIFI
1c:b9:c4:16:f1:4c,Ariel_University,[ESS],2017-11-09 10:48:47,36,-72,32.10276073821744,35.209449583343535,711.9738976949885,12,WIFI
1c:b9:c4:15:1b:88,Ariel_University,[ESS],2017-11-09 10:48:51,11,-70,32.10269981903427,35.20954969793479,712.3557516665461,12,WIFI
1c:b9:c4:16:f1:48,Ariel_University,[ESS],2017-11-09 10:48:51,1,-72,32.10269981903427,35.20954969793479,712.3557516665461,12,WIFI
1c:b9:c4:95:1b:87,,[WPA2-PSK-CCMP][ESS],2017-11-09 10:48:51,58,-68,32.10269981903427,35.20954969793479,712.3557516665461,12,WIFI
1c:b9:c4:14:2c:3c,Ariel_University,[ESS],2017-11-09 10:48:51,52,-85,32.10269981903427,35.20954969793479,712.3557516665461,12,WIFI
1c:b9:c4:14:2c:38,Ariel_University,[ESS],2017-11-09 10:48:51,6,-83,32.10269981903427,35.20954969793479,712.3557516665461,12,WIFI
1c:b9:c4:15:3d:58,Ariel_University,[ESS],2017-11-09 10:48:52,11,-59,32.10268703065735,35.209570169797466,712.4396518527739,12,WIFI
1c:b9:c4:16:04:78,Ariel_University,[ESS],2017-11-09 10:48:52,11,-72,32.10268703065735,35.209570169797466,712.4396518527739,12,WIFI
1c:b9:c4:15:1b:88,Ariel_University,[ESS],2017-11-09 10:48:52,11,-62,32.10268703065735,35.209570169797466,712.4396518527739,12,WIFI
1c:b9:c4:14:2c:38,Ariel_University,[ESS],2017-11-09 10:48:52,6,-73,32.10268703065735,35.209570169797466,712.4396518527739,12,WIFI
1c:b9:c4:95:1b:87,,[WPA2-PSK-CCMP][ESS],2017-11-09 10:48:55,58,-54,32.10266387900394,35.20959924498432,712.6657726363092,12,WIFI
c4:12:f5:f6:a0:18,lab_6.1.3,[WPA2-PSK-CCMP][ESS],2017-11-09 10:48:55,3,-73,32.10266387900394,35.20959924498432,712.6657726363092,12,WIFI
1c:b9:c4:15:1b:8c,Ariel_University,[ESS],2017-11-09 10:48:55,58,-53,32.10266387900394,35.20959924498432,712.6657726363092,12,WIFI
1c:b9:c4:96:11:a7,,[WPA2-PSK-CCMP][ESS],2017-11-09 10:48:55,44,-67,32.10266387900394,35.20959924498432,712.6657726363092,12,WIFI
30:e1:71:0f:a2:72,DIRECT-71-HP DeskJet 3630 series,[WPA2-PSK-CCMP][WPS][ESS][P2P],2017-11-09 10:48:55,6,-78,32.10266387900394,35.20959924498432,712.6657726363092,12,WIFI
1c:b9:c4:95:3d:67,,[WPA2-PSK-CCMP][ESS],2017-11-09 10:48:55,44,-83,32.10266387900394,35.20959924498432,712.6657726363092,12,WIFI
1c:b9:c4:15:3d:6c,Ariel_University,[ESS],2017-11-09 10:48:55,44,-84,32.10266387900394,35.20959924498432,712.6657726363092,12,WIFI
1c:b9:c4:15:3d:68,Ariel_University,[ESS],2017-11-09 10:48:55,6,-81,32.10266387900394,35.20959924498432,712.6657726363092,12,WIFI
1c:b9:c4:15:3d:68,Ariel_University,[ESS],2017-11-09 10:48:57,6,-75,32.102643456040774,35.209561081228166,713.1748051118213,12,WIFI
1c:b9:c4:16:ee:98,Ariel_University,[ESS],2017-11-09 10:48:57,6,-85,32.102643456040774,35.209561081228166,713.1748051118213,12,WIFI
3c:52:82:ef:d4:56,DIRECT-55-HP DeskJet 3630 series,[WPA2-PSK-CCMP][WPS][ESS][P2P],2017-11-09 10:49:03,6,-81,32.102514991135955,35.20961373182829,715.2378333199869,8,WIFI
14:ae:db:c0:84:6d,gilo 11,[WPA2-PSK-CCMP][ESS],2017-11-09 10:49:03,1,-85,32.102514991135955,35.20961373182829,715.2378333199869,8,WIFI
1c:b9:c4:16:f1:98,Ariel_University,[ESS],2017-11-09 10:49:05,11,-78,32.10247052723681,35.20964047063804,715.8285792850684,8,WIFI
14:ae:db:cc:1a:8d,gilo1,[WPA2-PSK-CCMP][WPS][ESS],2017-11-09 10:49:05,13,-79,32.10247052723681,35.20964047063804,715.8285792850684,8,WIFI
3c:52:82:ef:d4:56,DIRECT-55-HP DeskJet 3630 series,[WPA2-PSK-CCMP][WPS][ESS][P2P],2017-11-09 10:49:08,6,-73,32.1024077525039,35.20967808488518,716.5411724403344,8,WIFI
1c:b9:c4:15:3a:38,Ariel_University,[ESS],2017-11-09 10:49:08,11,-84,32.1024077525039,35.20967808488518,716.5411724403344,8,WIFI
1c:b9:c4:16:f1:98,Ariel_University,[ESS],2017-11-09 10:49:11,11,-72,32.102381186652714,35.20969089347969,717.1209986379125,8,WIFI
30:e1:71:0f:a2:72,DIRECT-71-HP DeskJet 3630 series,[WPA2-PSK-CCMP][WPS][ESS][P2P],2017-11-09 10:49:11,6,-67,32.102381186652714,35.20969089347969,717.1209986379125,8,WIFI
1c:b9:c4:16:04:7c,Ariel_University,[ESS],2017-11-09 10:49:13,36,-67,32.10235351483591,35.20971621830376,717.3438768067251,8,WIFI
30:e1:71:0f:a2:72,DIRECT-71-HP DeskJet 3630 series,[WPA2-PSK-CCMP][WPS][ESS][P2P],2017-11-09 10:49:15,6,-55,32.10234241957464,35.20973112859595,717.5026344949865,8,WIFI
a0:8c:fd:0a:d5:f5,DIRECT-F4-HP DeskJet 3630 series,[WPA2-PSK-CCMP][WPS][ESS][P2P],2017-11-09 10:49:15,6,-86,32.10234241957464,35.20973112859595,717.5026344949865,8,WIFI
a0:ab:1b:56:6e:de,ola,[WPA2-PSK-CCMP][ESS],2017-11-09 10:49:15,10,-91,32.10234241957464,35.20973112859595,717.5026344949865,8,WIFI
62:45:b6:0a:b8:9e,,[WEP][ESS],2017-11-09 10:49:15,36,-87,32.10234241957464,35.20973112859595,717.5026344949865,8,WIFI
e4:6f:13:70:8c:fc,The Slav Squad,[WPA2-PSK-CCMP][ESS],2017-11-09 10:49:17,8,-84,32.102333225036105,35.20973912048067,717.6692168988592,8,WIFI
fc:3f:db:9c:36:3d,DIRECT-5C-HP DeskJet 3630 series,[WPA2-PSK-CCMP][WPS][ESS][P2P],2017-11-09 10:49:17,6,-87,32.102333225036105,35.20973912048067,717.6692168988592,8,WIFI
5a:6f:13:70:8c:fd,BezeqFree,[WPA2-PSK-CCMP][ESS],2017-11-09 10:49:17,8,-88,32.102333225036105,35.20973912048067,717.6692168988592,8,WIFI
1c:b9:c4:15:3a:3c,Ariel_University,[ESS],2017-11-09 10:49:17,44,-83,32.102333225036105,35.20973912048067,717.6692168988592,8,WIFI
14:ae:db:cf:86:f5,Biren2809,[WPA-PSK-CCMP+TKIP][WPA2-PSK-CCMP+TKIP][WPS][ESS],2017-11-09 10:49:19,11,-91,32.10231606275376,35.209757397544685,717.7583461976182,8,WIFI
14:ae:db:56:17:15,dmtri,[WPA-PSK-CCMP+TKIP][WPA2-PSK-CCMP+TKIP][WPS][ESS],2017-11-09 10:49:23,11,-89,32.10223643819614,35.20980996333984,716.9307261302644,6,WIFI
00:27:19:e8:ed:58,AUC,[ESS],2017-11-09 10:49:25,9,-91,32.10220849252648,35.20979673169433,716.242494618142,6,WIFI
1c:b9:c4:95:ed:77,,[WPA2-PSK-CCMP][ESS],2017-11-09 10:49:25,60,-66,32.10220849252648,35.20979673169433,716.242494618142,6,WIFI
10:0d:7f:7c:90:0a,Malibu,[WPA2-PSK-CCMP][WPS][ESS],2017-11-09 10:49:25,11,-88,32.10220849252648,35.20979673169433,716.242494618142,6,WIFI
14:ae:db:4f:50:75,GuyEmily,[WPA-PSK-CCMP+TKIP][WPA2-PSK-CCMP+TKIP][WPS][ESS],2017-11-09 10:49:27,1,-86,32.102155713981965,35.20978524440021,715.6308945579459,6,WIFI
84:c9:b2:b7:c8:2d,Bezeq,[WPA2-PSK-CCMP][ESS],2017-11-09 10:49:27,6,-87,32.102155713981965,35.20978524440021,715.6308945579459,6,WIFI
1c:b9:c4:15:1e:68,Ariel_University,[ESS],2017-11-09 10:49:29,1,-88,32.102127502712975,35.20977634744871,715.2010037288433,6,WIFI
1c:b9:c4:95:3a:37,,[WPA2-PSK-CCMP][ESS],2017-11-09 10:49:31,44,-83,32.10210542540158,35.20976999816221,714.8765555109682,6,WIFI
00:8c:54:8e:a9:01,Nina,[WPA2-PSK-CCMP][ESS],2017-11-09 10:49:35,6,-89,32.10205965774554,35.209775107756734,714.3464412358244,4,WIFI
1c:5f:2b:d7:e6:8b,ZEV p,[WPA-PSK-CCMP][WPA2-PSK-CCMP][ESS],2017-11-09 10:49:35,3,-91,32.10205965774554,35.209775107756734,714.3464412358244,4,WIFI
00:11:6b:11:02:b7,yosh,[ESS],2017-11-09 10:49:35,1,-88,32.10205965774554,35.209775107756734,714.3464412358244,4,WIFI
1c:b9:c4:15:1e:6c,Ariel_University,[ESS],2017-11-09 10:49:37,36,-86,32.102055780436395,35.20978191187963,714.2255790143613,4,WIFI
1c:b9:c4:95:3a:37,,[WPA2-PSK-CCMP][ESS],2017-11-09 10:49:39,44,-78,32.10205152704532,35.209777812260384,714.205878367605,4,WIFI
1c:b9:c4:15:3a:3c,Ariel_University,[ESS],2017-11-09 10:49:42,44,-76,32.10204525160042,35.20976931629616,714.0476439125243,4,WIFI
fc:3f:db:9c:36:3d,DIRECT-5C-HP DeskJet 3630 series,[WPA2-PSK-CCMP][WPS][ESS][P2P],2017-11-09 10:49:47,6,-79,32.10205020558488,35.209683752774815,713.7499959122509,4,WIFI
00:27:19:e8:ed:58,AUC,[ESS],2017-11-09 10:49:50,9,-86,32.10205436667579,35.20963217393405,713.5452256826952,4,WIFI
1c:b9:c4:15:3a:38,Ariel_University,[ESS],2017-11-09 10:49:53,11,-79,32.102059030632574,35.209583024221516,713.2791370127215,4,WIFI
1c:b9:c4:14:2f:68,Ariel_University,[ESS],2017-11-09 10:49:53,6,-89,32.102059030632574,35.209583024221516,713.2791370127215,4,WIFI
a0:8c:fd:0a:d5:f5,DIRECT-F4-HP DeskJet 3630 series,[WPA2-PSK-CCMP][WPS][ESS][P2P],2017-11-09 10:50:01,6,-76,32.102074839509825,35.209452506388594,712.3646265696865,4,WIFI
1c:b9:c4:14:2b:d8,Ariel_University,[ESS],2017-11-09 10:50:05,1,-84,32.10209079966363,35.209375927598515,711.951618628097,4,WIFI
1c:b9:c4:94:2f:67,,[WPA2-PSK-CCMP][ESS],2017-11-09 10:50:07,36,-81,32.102100612952256,35.20934046495686,711.768997981574,4,WIFI
1c:b9:c4:14:2f:6c,Ariel_University,[ESS],2017-11-09 10:50:07,36,-81,32.102100612952256,35.20934046495686,711.768997981574,4,WIFI
00:27:19:e8:ed:58,AUC,[ESS],2017-11-09 10:50:09,9,-80,32.10211070782754,35.2093074801515,711.6329997325852,4,WIFI
1c:b9:c4:14:2b:dc,Ariel_University,[ESS],2017-11-09 10:50:09,36,-85,32.10211070782754,35.2093074801515,711.6329997325852,4,WIFI
1c:b9:c4:15:3a:38,Ariel_University,[ESS],2017-11-09 10:50:11,11,-73,32.1021235551333,35.20927277751953,711.5478899313099,4,WIFI
1c:b9:c4:14:2b:d8,Ariel_University,[ESS],2017-11-09 10:50:13,1,-79,32.102135535456384,35.20924983835446,711.5301507959086,4,WIFI
48:ee:0c:3e:86:dd,tachlit3,[WPA2-PSK-CCMP][ESS],2017-11-09 10:50:13,7,-88,32.102135535456384,35.20924983835446,711.5301507959086,4,WIFI
1c:b9:c4:14:2b:dc,Ariel_University,[ESS],2017-11-09 10:50:15,36,-77,32.102150161798725,35.20923460524832,711.5603802515426,4,WIFI
1c:b9:c4:14:2b:dc,Ariel_University,[ESS],2017-11-09 10:50:19,36,-70,32.10217745993421,35.20920770305468,711.6248355109961,4,WIFI
1c:b9:c4:14:2b:d8,Ariel_University,[ESS],2017-11-09 10:50:20,1,-73,32.10218622956923,35.20919962632098,711.6308010011018,4,WIFI
a0:8c:fd:0a:d5:f5,DIRECT-F4-HP DeskJet 3630 series,[WPA2-PSK-CCMP][WPS][ESS][P2P],2017-11-09 10:50:22,6,-71,32.10220476340033,35.209183544865546,711.6649916662298,4,WIFI
1c:b9:c4:14:2b:d8,Ariel_University,[ESS],2017-11-09 10:50:22,1,-68,32.10220476340033,35.209183544865546,711.6649916662298,4,WIFI
1c:b9:c4:14:2b:dc,Ariel_University,[ESS],2017-11-09 10:50:26,36,-63,32.10225077939713,35.20915587998701,711.7936112673115,4,WIFI
1c:b9:c4:94:2b:d7,,[WPA2-PSK-CCMP][ESS],2017-11-09 10:50:26,36,-69,32.10225077939713,35.20915587998701,711.7936112673115,4,WIFI
1c:b9:c4:14:2b:dc,Ariel_University,[ESS],2017-11-09 10:50:28,36,-54,32.10228571196613,35.209137396989796,711.8707340887047,4,WIFI
1c:b9:c4:14:2b:d8,Ariel_University,[ESS],2017-11-09 10:50:31,1,-62,32.102313911933386,35.20912526390681,711.9698958589837,6,WIFI
1c:b9:c4:14:2f:68,Ariel_University,[ESS],2017-11-09 10:50:33,6,-83,32.10233797231933,35.2091175318318,712.03750350027,6,WIFI
1c:b9:c4:16:f4:7c,Ariel_University,[ESS],2017-11-09 10:50:33,36,-84,32.10233797231933,35.2091175318318,712.03750350027,6,WIFI
1c:b9:c4:16:28:fc,Ariel_University,[ESS],2017-11-09 10:50:36,36,-69,32.102370090392526,35.20910117688421,712.1103352766307,6,WIFI
1c:b9:c4:94:2b:d7,,[WPA2-PSK-CCMP][ESS],2017-11-09 10:50:38,36,-58,32.10238845233394,35.20909326688254,712.1846681921916,6,WIFI
1c:b9:c4:96:f4:77,,[WPA2-PSK-CCMP][ESS],2017-11-09 10:50:41,36,-81,32.10244960868285,35.209070903057544,712.417392130157,6,WIFI
1c:b9:c4:14:2c:18,Ariel_University,[ESS],2017-11-09 10:50:41,1,-86,32.10244960868285,35.209070903057544,712.417392130157,6,WIFI
1c:b9:c4:96:28:f7,,[WPA2-PSK-CCMP][ESS],2017-11-09 10:50:45,36,-73,32.10251222345109,35.20905049744144,712.963906293768,6,WIFI
1c:b9:c4:14:2f:68,Ariel_University,[ESS],2017-11-09 10:50:55,6,-78,32.10261606497189,35.20901962105242,714.3025084946377,4,WIFI
1c:b9:c4:16:f4:7c,Ariel_University,[ESS],2017-11-09 10:50:55,36,-79,32.10261606497189,35.20901962105242,714.3025084946377,4,WIFI
1c:b9:c4:14:2c:1c,Ariel_University,[ESS],2017-11-09 10:50:55,36,-84,32.10261606497189,35.20901962105242,714.3025084946377,4,WIFI
1c:b9:c4:14:2f:6c,Ariel_University,[ESS],2017-11-09 10:50:57,36,-75,32.102631122216565,35.209011152624235,714.5553819143753,4,WIFI
1c:b9:c4:14:33:cc,Ariel_University,[ESS],2017-11-09 10:50:57,36,-71,32.102631122216565,35.209011152624235,714.5553819143753,4,WIFI
1c:b9:c4:14:2c:1c,Ariel_University,[ESS],2017-11-09 10:50:57,36,-79,32.102631122216565,35.209011152624235,714.5553819143753,4,WIFI
1c:b9:c4:94:33:c7,,[WPA2-PSK-CCMP][ESS],2017-11-09 10:50:57,36,-72,32.102631122216565,35.209011152624235,714.5553819143753,4,WIFI
1c:b9:c4:94:30:37,,[WPA2-PSK-CCMP][ESS],2017-11-09 10:50:57,44,-80,32.102631122216565,35.209011152624235,714.5553819143753,4,WIFI
1c:b9:c4:14:2c:18,Ariel_University,[ESS],2017-11-09 10:50:59,1,-76,32.102648853179005,35.208999428392374,714.8346216545515,4,WIFI
1c:b9:c4:14:2f:6c,Ariel_University,[ESS],2017-11-09 10:50:59,36,-70,32.102648853179005,35.208999428392374,714.8346216545515,4,WIFI
1c:b9:c4:14:30:38,Ariel_University,[ESS],2017-11-09 10:50:59,1,-80,32.102648853179005,35.208999428392374,714.8346216545515,4,WIFI
1c:b9:c4:14:2f:68,Ariel_University,[ESS],2017-11-09 10:51:01,6,-68,32.102667578243796,35.20898430967325,715.158346589361,4,WIFI
1c:b9:c4:14:2f:6c,Ariel_University,[ESS],2017-11-09 10:51:03,36,-63,32.10268982494995,35.20897120756239,715.510165275329,4,WIFI
1c:b9:c4:94:2f:67,,[WPA2-PSK-CCMP][ESS],2017-11-09 10:51:03,36,-64,32.10268982494995,35.20897120756239,715.510165275329,4,WIFI
1c:b9:c4:14:2f:68,Ariel_University,[ESS],2017-11-09 10:51:05,6,-61,32.1027165751154,35.208960019730014,715.9011946008485,4,WIFI
1c:b9:c4:14:2f:68,Ariel_University,[ESS],2017-11-09 10:51:11,6,-50,32.1027836240893,35.20893138443371,717.2073211233187,4,WIFI
1c:b9:c4:14:2f:6c,Ariel_University,[ESS],2017-11-09 10:51:11,36,-45,32.1027836240893,35.20893138443371,717.2073211233187,4,WIFI
8c:0c:90:2d:75:e8,Ariel_University,[ESS],2017-11-09 10:51:11,1,-88,32.1027836240893,35.20893138443371,717.2073211233187,4,WIFI
1c:b9:c4:16:f4:7c,Ariel_University,[ESS],2017-11-09 10:51:22,36,-70,32.10289741121584,35.20887708365604,719.0814484684237,4,WIFI
1c:b9:c4:92:7c:c7,,[WPA2-PSK-CCMP][ESS],2017-11-09 10:51:22,36,-82,32.10289741121584,35.20887708365604,719.0814484684237,4,WIFI
24:79:2a:2c:3d:6c,Ariel_University,[ESS],2017-11-09 10:51:22,44,-86,32.10289741121584,35.20887708365604,719.0814484684237,4,WIFI
1c:b9:c4:16:f4:78,Ariel_University,[ESS],2017-11-09 10:51:28,1,-78,32.102980803982476,35.208860341694106,720.0197348916648,4,WIFI
24:79:2a:2c:3d:68,Ariel_University,[ESS],2017-11-09 10:51:32,11,-87,32.1030292994949,35.20886740869201,720.6383802265087,4,WIFI
34:8f:27:a0:8c:17,,[WPA2-PSK-CCMP][ESS],2017-11-09 10:51:36,36,-80,32.103076459080015,35.20885565463462,721.426910573659,4,WIFI
1c:b9:c4:12:7c:cc,Ariel_University,[ESS],2017-11-09 10:51:40,36,-78,32.103118686970035,35.20884218893802,722.2581761729379,4,WIFI
8c:0c:90:ad:75:e3,,[WPA2-PSK-CCMP][ESS],2017-11-09 10:51:40,1,-91,32.103118686970035,35.20884218893802,722.2581761729379,4,WIFI
1c:b9:c4:12:7c:cc,Ariel_University,[ESS],2017-11-09 10:51:42,36,-73,32.10313985874657,35.20883338155446,722.7005559052519,4,WIFI
ec:8c:a2:08:94:18,Ariel_University,[ESS],2017-11-09 10:51:46,1,-72,32.103174644765524,35.20882457574893,723.6084735050107,4,WIFI
1c:b9:c4:12:7c:cc,Ariel_University,[ESS],2017-11-09 10:51:46,36,-68,32.103174644765524,35.20882457574893,723.6084735050107,4,WIFI
1c:b9:c4:12:7c:cc,Ariel_University,[ESS],2017-11-09 10:51:50,36,-59,32.1032213047127,35.20883107249474,724.3181483579289,4,WIFI
8c:0c:90:2d:75:e8,Ariel_University,[ESS],2017-11-09 10:51:50,1,-71,32.1032213047127,35.20883107249474,724.3181483579289,4,WIFI
f8:d1:11:77:77:c6,HelpDesk,[WPA-PSK-CCMP+TKIP][WPA2-PSK-CCMP+TKIP][ESS],2017-11-09 10:51:50,4,-70,32.1032213047127,35.20883107249474,724.3181483579289,4,WIFI
1c:b9:c4:92:7c:c7,,[WPA2-PSK-CCMP][ESS],2017-11-09 10:51:54,36,-64,32.103247452000744,35.20884573883822,724.5774730455641,4,WIFI
8c:0c:90:ad:75:e3,,[WPA2-PSK-CCMP][ESS],2017-11-09 10:51:54,1,-79,32.103247452000744,35.20884573883822,724.5774730455641,4,WIFI
ec:8c:a2:08:94:1c,Ariel_University,[ESS],2017-11-09 10:52:21,40,-59,32.10346858908263,35.20880757324833,724.8909895385048,16,WIFI
ec:8c:a2:08:94:18,Ariel_University,[ESS],2017-11-09 10:52:21,1,-65,32.10346858908263,35.20880757324833,724.8909895385048,16,WIFI
ec:8c:a2:08:94:1c,Ariel_University,[ESS],2017-11-09 10:52:21,40,-53,32.10346858908263,35.20880757324833,724.8909895385048,16,WIFI
ec:8c:a2:08:94:18,Ariel_University,[ESS],2017-11-09 10:52:21,1,-60,32.10346858908263,35.20880757324833,724.8909895385048,16,WIFI
ec:8c:a2:08:94:1c,Ariel_University,[ESS],2017-11-09 10:52:21,40,-48,32.10346858908263,35.20880757324833,724.8909895385048,16,WIFI
ec:8c:a2:88:94:17,,[WPA2-PSK-CCMP][ESS],2017-11-09 10:52:21,40,-55,32.10346858908263,35.20880757324833,724.8909895385048,16,WIFI
