Index,Mac Name,Number of macSSID,Frequency,Signal,Lat,Lon,Alt,Time,
0,00:02:6f:8e:64:67,2, ,-90.0,32.10344907131182,35.20923973447798,708.5804377769539,Sun Dec 03 08:45:36 IST 2017, Approx. w-center algo1
1,00:02:6f:b8:c4:1a,2, ,-92.0,32.10398682674761,35.208972184356085,702.3784600290483,Sun Dec 03 08:41:07 IST 2017, Approx. w-center algo1
2,00:0d:f0:3e:fa:ca,1,Gateway,-87.0,32.106089276564596,35.21106968179408,688.7624378298848,Sun Dec 03 08:39:10 IST 2017, Approx. w-center algo1
3,00:0e:f4:c1:50:14,1,vladimir,-92.0,32.10263460161589,35.20757686137406,692.0341048029708,Sun Dec 03 08:37:36 IST 2017, Approx. w-center algo1
4,00:11:6b:11:02:b7,5,yosh,-90.0,32.10236126185898,35.20966464772797,691.1283448325228,Sun Dec 03 08:41:47 IST 2017, Approx. w-center algo1
5,00:11:6b:11:7d:c7,6,yosh,-92.0,32.10479990244756,35.21028609718777,710.2818354386457,Sun Dec 03 08:40:46 IST 2017, Approx. w-center algo1
6,00:11:6b:11:7e:0c,10,yosh,-94.0,32.104665412175365,35.210817885977306,700.9937878266755,Sun Dec 03 08:42:59 IST 2017, Approx. w-center algo1
7,00:11:6b:2a:90:3c,3,Cartiheal,-92.0,32.10492080273792,35.20973323805967,703.1072222548488,Sun Dec 03 08:38:58 IST 2017, Approx. w-center algo1
8,00:12:2a:39:2c:3c,1,netbox-550b,-86.0,32.10251814263996,35.20734901460898,698.9056862429085,Sun Dec 03 08:37:15 IST 2017, Approx. w-center algo1
9,00:1a:2f:7f:6b:70,5, ,-89.0,32.105480150114886,35.20995910039976,689.2878649448571,Sun Dec 03 08:38:43 IST 2017, Approx. w-center algo1
10,00:1a:dd:e3:06:e4,2,afikim-wifi,-78.0,32.102529803081474,35.2073198916877,699.8860444903257,Sun Dec 03 08:37:10 IST 2017, Approx. w-center algo1
11,00:1a:dd:f4:ef:04,3,PEPWAVE_9481,-92.0,32.10596257233889,35.210551535528914,688.6825017110157,Sun Dec 03 08:39:01 IST 2017, Approx. w-center algo1
12,00:1a:dd:f4:ef:c4,1, ,-87.0,32.10614939016676,35.21138726608906,688.8993666020681,Sun Dec 03 08:39:13 IST 2017, Approx. w-center algo1
13,00:1a:dd:f4:ef:c5,1,Afikim_Wifi,-81.0,32.106089276564596,35.21106968179408,688.7624378298848,Sun Dec 03 08:39:10 IST 2017, Approx. w-center algo1
14,00:1a:dd:f4:f5:c4,5, ,-93.0,32.10559996797917,35.210083946019836,689.0231325250428,Sun Dec 03 08:38:22 IST 2017, Approx. w-center algo1
15,00:1a:dd:f4:f5:c5,4,Afikim_Wifi,-91.0,32.1051395482204,35.20907111905004,689.2440822092434,Sun Dec 03 08:38:22 IST 2017, Approx. w-center algo1
16,00:1a:dd:f4:fc:64,1, ,-87.0,32.106211489963755,35.21194838735254,689.2763252871639,Sun Dec 03 08:39:19 IST 2017, Approx. w-center algo1
17,00:1a:dd:f4:fc:65,1,Afikim_Wifi,-90.0,32.106211489963755,35.21194838735254,689.2763252871639,Sun Dec 03 08:39:19 IST 2017, Approx. w-center algo1
18,00:1a:dd:f4:fc:84,1, ,-77.0,32.106211489963755,35.21194838735254,689.2763252871639,Sun Dec 03 08:39:19 IST 2017, Approx. w-center algo1
19,00:1a:dd:f4:fc:85,1,Afikim_Wifi,-78.0,32.106211489963755,35.21194838735254,689.2763252871639,Sun Dec 03 08:39:19 IST 2017, Approx. w-center algo1
20,00:1a:dd:f5:06:a4,1, ,-83.0,32.10593532045871,35.21038076777716,688.6045855255679,Sun Dec 03 08:39:04 IST 2017, Approx. w-center algo1
21,00:1a:dd:f5:06:a5,1,Afikim_Wifi,-84.0,32.10593532045871,35.21038076777716,688.6045855255679,Sun Dec 03 08:39:04 IST 2017, Approx. w-center algo1
22,00:1a:dd:f5:df:c4,1, ,-89.0,32.10494482726751,35.210446896260514,717.6172124232385,Sun Dec 03 08:49:48 IST 2017, Approx. w-center algo1
23,00:1a:dd:f5:df:c5,2,Afikim_Wifi,-93.0,32.10488210412439,35.210373607684296,704.0554242419931,Sun Dec 03 08:49:44 IST 2017, Approx. w-center algo1
24,00:1a:dd:f5:e2:e4,3, ,-90.0,32.10468231924794,35.209925434331296,710.2256059369853,Sun Dec 03 08:45:00 IST 2017, Approx. w-center algo1
25,00:1a:dd:f5:e2:e5,4,Afikim_Wifi,-91.0,32.10477222514299,35.21012821479474,702.7538803082398,Sun Dec 03 08:45:00 IST 2017, Approx. w-center algo1
26,00:1a:dd:f5:e9:24,3,PEPWAVE_C99D,-90.0,32.105460466409745,35.210257453794235,689.4884991272368,Sun Dec 03 08:39:01 IST 2017, Approx. w-center algo1
27,00:1a:dd:f5:e9:25,5,Afikim-73925,-91.0,32.10562571316993,35.21030626994565,689.1763663264628,Sun Dec 03 08:38:58 IST 2017, Approx. w-center algo1
28,00:1d:aa:81:d8:3c,20,KCG-ADSL,-93.0,32.10291725551843,35.209916640239804,702.1169667573017,Sun Dec 03 08:41:59 IST 2017, Approx. w-center algo1
29,00:21:04:4c:2a:a2,1,Yan,-89.0,32.102528187003614,35.20734570155965,700.1622738859833,Sun Dec 03 08:37:13 IST 2017, Approx. w-center algo1
30,00:25:86:cc:00:f8,4,AUC_54_R,-86.0,32.10365113349192,35.20818644933491,693.5284770660687,Sun Dec 03 08:37:10 IST 2017, Approx. w-center algo1
31,00:25:86:cc:07:b2,2,KCG_54,-87.0,32.10410016147078,35.20842792478725,703.2732684202417,Sun Dec 03 08:38:19 IST 2017, Approx. w-center algo1
32,00:27:19:13:fc:a4,4,KCG_20,-91.0,32.10520095441039,35.21181344655401,694.5187617004624,Sun Dec 03 08:39:25 IST 2017, Approx. w-center algo1
33,00:27:19:e3:2d:fe,1,AUC_51_3,-86.0,32.10253330333696,35.20726399020641,699.287760530489,Sun Dec 03 08:37:10 IST 2017, Approx. w-center algo1
34,00:27:22:f3:a6:9a,2, ,-87.0,32.105801846979396,35.21010479765049,688.5497026939919,Sun Dec 03 08:38:55 IST 2017, Approx. w-center algo1
35,00:27:22:f3:bb:2b,3, ,-89.0,32.10405974104211,35.20942539110444,705.4863232281272,Sun Dec 03 08:41:07 IST 2017, Approx. w-center algo1
36,00:27:22:f3:bb:3a,1, ,-86.0,32.10353355128237,35.20781291804855,690.5795129917332,Sun Dec 03 08:38:10 IST 2017, Approx. w-center algo1
37,00:27:22:f3:bb:86,2, ,-87.0,32.10375725007887,35.20784015835278,690.4441102635042,Sun Dec 03 08:38:10 IST 2017, Approx. w-center algo1
38,00:27:22:f3:e0:83,1, ,-88.0,32.10473074431384,35.20808401590763,689.6319853475801,Sun Dec 03 08:38:28 IST 2017, Approx. w-center algo1
39,00:27:22:f3:e2:f3,3, ,-87.0,32.105924522405914,35.21055874734606,688.6737904292652,Sun Dec 03 08:38:55 IST 2017, Approx. w-center algo1
40,00:8c:54:90:ce:d1,1,victoria,-89.0,32.10251743683182,35.2073387273908,695.5775665899107,Sun Dec 03 08:37:24 IST 2017, Approx. w-center algo1
41,06:ae:db:3a:64:05,1,BezeqFree,-84.0,32.102458386443125,35.20743113335047,694.8881937656644,Sun Dec 03 08:37:27 IST 2017, Approx. w-center algo1
42,08:97:58:32:a6:3e,1,NIPPON_2516,-73.0,32.10572050842588,35.2097599664662,688.5550300637956,Sun Dec 03 08:38:58 IST 2017, Approx. w-center algo1
43,08:ed:b9:3d:8f:4b,1,HP-Print-4b-LaserJet 400,-89.0,32.1049280958924,35.21028241262848,722.9373547253995,Sun Dec 03 08:45:06 IST 2017, Approx. w-center algo1
44,10:0d:7f:7c:90:0a,1,Malibu,-91.0,32.1020859,35.20993739,692.0,Sun Dec 03 08:46:24 IST 2017, Approx. w-center algo1
45,10:be:f5:36:02:e2,1,TOP-SECRET,-82.0,32.10614939016676,35.21138726608906,688.8993666020681,Sun Dec 03 08:39:13 IST 2017, Approx. w-center algo1
46,10:be:f5:39:8f:f2,1,LARISA,-86.0,32.10251814263996,35.20734901460898,698.9056862429085,Sun Dec 03 08:37:15 IST 2017, Approx. w-center algo1
47,10:be:f5:3b:68:2c,1,Hagar,-87.0,32.102528187003614,35.20734570155965,700.1622738859833,Sun Dec 03 08:37:13 IST 2017, Approx. w-center algo1
48,10:be:f5:a7:b4:f4,1,Home,-87.0,32.10251814263996,35.20734901460898,698.9056862429085,Sun Dec 03 08:37:15 IST 2017, Approx. w-center algo1
49,14:ae:db:32:52:12,1,surikat,-89.0,32.10253330333696,35.20726399020641,699.287760530489,Sun Dec 03 08:37:10 IST 2017, Approx. w-center algo1
50,14:ae:db:3a:64:05,1,tanya,-86.0,32.102528187003614,35.20734570155965,700.1622738859833,Sun Dec 03 08:37:13 IST 2017, Approx. w-center algo1
51,14:ae:db:43:88:35,1,BEZEQINT-8831,-85.0,32.10251581558651,35.207339181669674,697.993173771496,Sun Dec 03 08:37:18 IST 2017, Approx. w-center algo1
52,14:ae:db:4f:50:75,2,GuyEmily,-90.0,32.10219394918968,35.21000358431366,700.9890867525717,Sun Dec 03 08:46:27 IST 2017, Approx. w-center algo1
53,14:ae:db:58:0d:6d,1,__ery,-91.0,32.10258798763252,35.20759021123835,693.1085203108703,Sun Dec 03 08:37:33 IST 2017, Approx. w-center algo1
54,14:ae:db:cb:05:f5,1,Mama,-90.0,32.102458386443125,35.20743113335047,694.8881937656644,Sun Dec 03 08:37:27 IST 2017, Approx. w-center algo1
55,14:ae:db:cf:86:f5,2,Biren2809,-92.0,32.103147609584674,35.20814477182254,691.7941043072863,Sun Dec 03 08:37:42 IST 2017, Approx. w-center algo1
56,18:d6:c7:ad:25:1a,1, ,-89.0,32.10494482726751,35.210446896260514,717.6172124232385,Sun Dec 03 08:49:48 IST 2017, Approx. w-center algo1
57,1c:b9:c4:12:7c:c8,7,Ariel_University,-86.0,32.103022633233145,35.208963049025684,696.7058281338205,Sun Dec 03 08:41:19 IST 2017, Approx. w-center algo1
58,1c:b9:c4:12:7c:cc,4,Ariel_University,-90.0,32.10302115000105,35.208813904216676,691.9923582374439,Sun Dec 03 08:41:22 IST 2017, Approx. w-center algo1
59,1c:b9:c4:12:90:b8,15,Ariel_University,-94.0,32.10293959060556,35.209036356116755,704.3085149474018,Sun Dec 03 08:41:28 IST 2017, Approx. w-center algo1
60,1c:b9:c4:12:90:bc,8,Ariel_University,-90.0,32.103005291759814,35.20919320905706,698.8387424297595,Sun Dec 03 08:41:25 IST 2017, Approx. w-center algo1
61,1c:b9:c4:12:af:78,8,Ariel_University,-92.0,32.10315268873085,35.20992938145716,695.8549108537276,Sun Dec 03 08:42:05 IST 2017, Approx. w-center algo1
62,1c:b9:c4:12:af:7c,3,Ariel_University,-89.0,32.102975182256614,35.20967918711385,697.3000448791336,Sun Dec 03 08:42:05 IST 2017, Approx. w-center algo1
63,1c:b9:c4:14:2b:88,5,Ariel_University,-90.0,32.10329390169937,35.209912905825014,697.8941785167814,Sun Dec 03 08:42:08 IST 2017, Approx. w-center algo1
64,1c:b9:c4:14:2b:8c,1,Ariel_University,-90.0,32.103388164157224,35.209780212663475,713.0579802632583,Sun Dec 03 08:46:43 IST 2017, Approx. w-center algo1
65,1c:b9:c4:14:2b:c8,12,Ariel_University,-88.0,32.10487230060649,35.210961673613276,695.4916420119256,Sun Dec 03 08:40:37 IST 2017, Approx. w-center algo1
66,1c:b9:c4:14:2b:cc,3,Ariel_University,-87.0,32.10504392751344,35.21106960662548,702.0456994786932,Sun Dec 03 08:40:37 IST 2017, Approx. w-center algo1
67,1c:b9:c4:14:2b:d8,8,Ariel_University,-85.0,32.10235039189221,35.20927042511178,692.2206133052449,Sun Dec 03 08:41:40 IST 2017, Approx. w-center algo1
68,1c:b9:c4:14:2b:dc,5,Ariel_University,-87.0,32.10220392277591,35.20927174765259,695.9776331182591,Sun Dec 03 08:41:40 IST 2017, Approx. w-center algo1
69,1c:b9:c4:14:2c:18,4,Ariel_University,-85.0,32.10240105789399,35.209144564397185,697.9423213346126,Sun Dec 03 08:41:37 IST 2017, Approx. w-center algo1
70,1c:b9:c4:14:2c:38,10,Ariel_University,-90.0,32.102947551313704,35.209910235632215,694.7581556310139,Sun Dec 03 08:42:02 IST 2017, Approx. w-center algo1
71,1c:b9:c4:14:2c:3c,5,Ariel_University,-87.0,32.10297607611515,35.20994729531626,696.7128933837492,Sun Dec 03 08:51:09 IST 2017, Approx. w-center algo1
72,1c:b9:c4:14:2f:68,11,Ariel_University,-86.0,32.10271412915661,35.20895570599424,693.8490516028103,Sun Dec 03 08:41:31 IST 2017, Approx. w-center algo1
73,1c:b9:c4:14:2f:6c,4,Ariel_University,-88.0,32.10263474546557,35.20893994700708,690.5293943929987,Sun Dec 03 08:41:31 IST 2017, Approx. w-center algo1
74,1c:b9:c4:14:2f:a8,2,Ariel_University,-90.0,32.10591114100764,35.21043701631978,688.6622483231179,Sun Dec 03 08:38:58 IST 2017, Approx. w-center algo1
75,1c:b9:c4:14:30:08,4,Ariel_University,-90.0,32.10501114734997,35.21068038303641,697.5475606772845,Sun Dec 03 08:40:43 IST 2017, Approx. w-center algo1
76,1c:b9:c4:14:30:0c,1,Ariel_University,-85.0,32.10506214894986,35.21071549460977,692.6868607099875,Sun Dec 03 08:40:43 IST 2017, Approx. w-center algo1
77,1c:b9:c4:14:30:38,5,Ariel_University,-87.0,32.10292340039279,35.20969559237643,700.9384049099173,Sun Dec 03 08:42:05 IST 2017, Approx. w-center algo1
78,1c:b9:c4:14:30:3c,4,Ariel_University,-91.0,32.10298530383412,35.20969269755819,701.7019225009692,Sun Dec 03 08:42:05 IST 2017, Approx. w-center algo1
79,1c:b9:c4:14:33:c8,10,Ariel_University,-90.0,32.10268025308704,35.20890515102025,692.5193655579835,Sun Dec 03 08:37:18 IST 2017, Approx. w-center algo1
80,1c:b9:c4:14:33:cc,7,Ariel_University,-90.0,32.102518364534426,35.20888207134979,700.1854284214463,Sun Dec 03 08:37:27 IST 2017, Approx. w-center algo1
81,1c:b9:c4:14:36:f8,4,Ariel_University,-90.0,32.104519883098945,35.211279570886184,694.6482809964774,Sun Dec 03 08:40:34 IST 2017, Approx. w-center algo1
82,1c:b9:c4:14:36:fc,2,Ariel_University,-90.0,32.10423235881814,35.2111784466841,704.2993113818352,Sun Dec 03 08:42:38 IST 2017, Approx. w-center algo1
83,1c:b9:c4:14:62:48,5,Ariel_University,-74.0,32.10390986328329,35.20946884775084,696.0914104344992,Sun Dec 03 08:40:58 IST 2017, Approx. w-center algo1
84,1c:b9:c4:14:62:4c,1,Ariel_University,-74.0,32.10457102888188,35.209608501213296,692.8918490649098,Sun Dec 03 08:40:58 IST 2017, Approx. w-center algo1
85,1c:b9:c4:15:1b:88,3,Ariel_University,-92.0,32.10208600104862,35.20928813919664,690.0247298147439,Sun Dec 03 08:41:47 IST 2017, Approx. w-center algo1
86,1c:b9:c4:15:1b:8c,2,Ariel_University,-88.0,32.10202729086905,35.20947062720155,690.8338172894856,Sun Dec 03 08:41:47 IST 2017, Approx. w-center algo1
87,1c:b9:c4:15:1c:b8,17,Ariel_University,-92.0,32.103534568057206,35.20950195228072,701.7597470618817,Sun Dec 03 08:41:10 IST 2017, Approx. w-center algo1
88,1c:b9:c4:15:1c:bc,1,Ariel_University,-90.0,32.103388164157224,35.209780212663475,713.0579802632583,Sun Dec 03 08:46:43 IST 2017, Approx. w-center algo1
89,1c:b9:c4:15:1e:68,6,Ariel_University,-90.0,32.1025584617529,35.209869634509154,691.6443246693005,Sun Dec 03 08:41:47 IST 2017, Approx. w-center algo1
90,1c:b9:c4:15:1e:6c,2,Ariel_University,-90.0,32.10251278681855,35.20963302577492,693.2846435046687,Sun Dec 03 08:41:50 IST 2017, Approx. w-center algo1
91,1c:b9:c4:15:20:38,4,Ariel_University,-89.0,32.1048194748832,35.21014193535791,697.8852428165849,Sun Dec 03 08:40:49 IST 2017, Approx. w-center algo1
92,1c:b9:c4:15:23:58,6,Ariel_University,-89.0,32.104182241647806,35.209262234768076,698.5264667741548,Sun Dec 03 08:41:13 IST 2017, Approx. w-center algo1
93,1c:b9:c4:15:23:5c,1,Ariel_University,-91.0,32.104079300627305,35.20894493919268,693.2106002961864,Sun Dec 03 08:41:10 IST 2017, Approx. w-center algo1
94,1c:b9:c4:15:25:48,9,Ariel_University,-89.0,32.10478559828744,35.21024369540257,701.2432398228319,Sun Dec 03 08:40:46 IST 2017, Approx. w-center algo1
95,1c:b9:c4:15:25:4c,1,Ariel_University,-87.0,32.10474846,35.21005988,687.0,Sun Dec 03 08:45:10 IST 2017, Approx. w-center algo1
96,1c:b9:c4:15:34:b8,1,Ariel_University,-92.0,32.10493191549645,35.21025667401684,692.7030958914264,Sun Dec 03 08:40:49 IST 2017, Approx. w-center algo1
97,1c:b9:c4:15:34:bc,1,Ariel_University,-90.0,32.1049280958924,35.21028241262848,722.9373547253995,Sun Dec 03 08:45:06 IST 2017, Approx. w-center algo1
98,1c:b9:c4:15:36:98,4,Ariel_University,-91.0,32.10515114555408,35.211164576834996,700.350465254138,Sun Dec 03 08:39:34 IST 2017, Approx. w-center algo1
99,1c:b9:c4:15:36:9c,3,Ariel_University,-88.0,32.105191757257465,35.2112199723324,703.6200349313401,Sun Dec 03 08:39:34 IST 2017, Approx. w-center algo1
100,1c:b9:c4:15:3a:28,1,Ariel_University,-87.0,32.105448644069995,35.21192983211315,691.5885470680463,Sun Dec 03 08:39:34 IST 2017, Approx. w-center algo1
101,1c:b9:c4:15:3a:2c,1,Ariel_University,-92.0,32.105338150765675,35.21187487697705,692.0554072332519,Sun Dec 03 08:39:37 IST 2017, Approx. w-center algo1
102,1c:b9:c4:15:3a:38,8,Ariel_University,-90.0,32.102373690941626,35.20964114033786,698.1569237525265,Sun Dec 03 08:41:47 IST 2017, Approx. w-center algo1
103,1c:b9:c4:15:3a:3c,2,Ariel_University,-87.0,32.102049198139355,35.20957634222167,691.3318336450411,Sun Dec 03 08:41:47 IST 2017, Approx. w-center algo1
104,1c:b9:c4:15:3d:58,8,Ariel_University,-86.0,32.102337808940824,35.20952023658237,696.0108082787349,Sun Dec 03 08:41:44 IST 2017, Approx. w-center algo1
105,1c:b9:c4:15:3d:5c,2,Ariel_University,-85.0,32.101993215281134,35.209569911503216,690.6407658565206,Sun Dec 03 08:41:50 IST 2017, Approx. w-center algo1
106,1c:b9:c4:15:3d:68,7,Ariel_University,-85.0,32.10309587171495,35.21015733333643,694.0904349206562,Sun Dec 03 08:42:02 IST 2017, Approx. w-center algo1
107,1c:b9:c4:15:3d:6c,2,Ariel_University,-89.0,32.10264502460317,35.209897806241734,696.5341776276562,Sun Dec 03 08:42:02 IST 2017, Approx. w-center algo1
108,1c:b9:c4:15:41:78,9,Ariel_University,-89.0,32.104425122429795,35.210648214896864,699.3651607938181,Sun Dec 03 08:40:37 IST 2017, Approx. w-center algo1
109,1c:b9:c4:15:41:7c,3,Ariel_University,-83.0,32.10416345117808,35.2110012459743,696.2173923900879,Sun Dec 03 08:42:35 IST 2017, Approx. w-center algo1
110,1c:b9:c4:15:42:68,11,Ariel_University,-92.0,32.10502822509182,35.210671821312744,695.0809567491029,Sun Dec 03 08:39:01 IST 2017, Approx. w-center algo1
111,1c:b9:c4:15:42:6c,2,Ariel_University,-89.0,32.105382326454894,35.210379922222494,690.5953548222516,Sun Dec 03 08:38:58 IST 2017, Approx. w-center algo1
112,1c:b9:c4:15:43:e8,6,Ariel_University,-91.0,32.102635300506314,35.20896432454618,697.8887699468979,Sun Dec 03 08:41:28 IST 2017, Approx. w-center algo1
113,1c:b9:c4:15:43:ec,3,Ariel_University,-89.0,32.102298630301554,35.20922609710819,706.4003318459148,Sun Dec 03 08:46:19 IST 2017, Approx. w-center algo1
114,1c:b9:c4:15:44:58,20,Ariel_University,-93.0,32.10486971857478,35.21037942367117,700.5148918285994,Sun Dec 03 08:38:49 IST 2017, Approx. w-center algo1
115,1c:b9:c4:15:44:5c,7,Ariel_University,-91.0,32.10497716790047,35.21024127242585,706.9197561283919,Sun Dec 03 08:38:58 IST 2017, Approx. w-center algo1
116,1c:b9:c4:15:44:88,14,Ariel_University,-91.0,32.10461220426342,35.21092258238058,695.4042831284124,Sun Dec 03 08:40:22 IST 2017, Approx. w-center algo1
117,1c:b9:c4:15:44:8c,2,Ariel_University,-92.0,32.10473150718274,35.211193917522,695.551073827083,Sun Dec 03 08:40:40 IST 2017, Approx. w-center algo1
118,1c:b9:c4:15:ec:38,5,Ariel_University,-90.0,32.10304055326519,35.20981373212277,696.0379827520758,Sun Dec 03 08:42:05 IST 2017, Approx. w-center algo1
119,1c:b9:c4:15:ec:3c,4,Ariel_University,-91.0,32.102966652510524,35.20967465253963,699.7362750892721,Sun Dec 03 08:42:08 IST 2017, Approx. w-center algo1
120,1c:b9:c4:15:ed:38,8,Ariel_University,-89.0,32.10414639744716,35.21071504724527,697.3529486189449,Sun Dec 03 08:42:29 IST 2017, Approx. w-center algo1
121,1c:b9:c4:15:ed:3c,2,Ariel_University,-89.0,32.10414685341135,35.210800777058985,704.4425966317007,Sun Dec 03 08:42:32 IST 2017, Approx. w-center algo1
122,1c:b9:c4:15:ed:48,11,Ariel_University,-92.0,32.10463009189627,35.21103419284487,690.6537700185136,Sun Dec 03 08:40:28 IST 2017, Approx. w-center algo1
123,1c:b9:c4:15:ed:4c,2,Ariel_University,-88.0,32.1048674859546,35.21138014652286,690.8633013150281,Sun Dec 03 08:40:34 IST 2017, Approx. w-center algo1
124,1c:b9:c4:15:ed:78,8,Ariel_University,-89.0,32.10232475208424,35.20933149304364,694.8604361878397,Sun Dec 03 08:41:37 IST 2017, Approx. w-center algo1
125,1c:b9:c4:15:ed:7c,1,Ariel_University,-83.0,32.10199115789806,35.20958210879809,691.3292746776632,Sun Dec 03 08:41:50 IST 2017, Approx. w-center algo1
126,1c:b9:c4:15:ed:b8,3,IT-MNG,-89.0,32.10336183777687,35.20975078092387,700.4082398392861,Sun Dec 03 08:42:14 IST 2017, Approx. w-center algo1
127,1c:b9:c4:15:ed:bc,1,IT-MNG,-85.0,32.1034255,35.20978696,702.0,Sun Dec 03 09:07:13 IST 2017, Approx. w-center algo1
128,1c:b9:c4:15:fd:48,15,Ariel_University,-90.0,32.10378602117693,35.209541047700064,700.0401092962562,Sun Dec 03 08:41:07 IST 2017, Approx. w-center algo1
129,1c:b9:c4:15:fd:4c,9,Ariel_University,-91.0,32.1039560632623,35.20965595587198,707.7773313434049,Sun Dec 03 08:41:07 IST 2017, Approx. w-center algo1
130,1c:b9:c4:15:fd:e8,3,IT-MNG,-89.0,32.10534576509134,35.21169309934411,691.3431389455745,Sun Dec 03 08:39:28 IST 2017, Approx. w-center algo1
131,1c:b9:c4:15:fd:ec,2,Ariel_University,-83.0,32.10533711925973,35.2118598855837,691.9964341016355,Sun Dec 03 08:39:34 IST 2017, Approx. w-center algo1
132,1c:b9:c4:16:04:78,5,Ariel_University,-86.0,32.102339731932126,35.2093049522181,692.9193973951036,Sun Dec 03 08:41:37 IST 2017, Approx. w-center algo1
133,1c:b9:c4:16:04:7c,3,Ariel_University,-88.0,32.10227173846484,35.20927735809509,704.3875712040444,Sun Dec 03 08:46:15 IST 2017, Approx. w-center algo1
134,1c:b9:c4:16:05:38,14,Ariel_University,-91.0,32.10444318442076,35.20977958555386,695.8260189009866,Sun Dec 03 08:38:40 IST 2017, Approx. w-center algo1
135,1c:b9:c4:16:05:3c,4,Ariel_University,-91.0,32.104617359952364,35.209437597427666,695.5120296503743,Sun Dec 03 08:38:49 IST 2017, Approx. w-center algo1
136,1c:b9:c4:16:05:78,16,Ariel_University,-92.0,32.1047488398346,35.21069342489031,701.9723431969404,Sun Dec 03 08:39:43 IST 2017, Approx. w-center algo1
137,1c:b9:c4:16:05:7c,5,Ariel_University,-91.0,32.104875348940055,35.21081991902829,708.9043805783167,Sun Dec 03 08:40:34 IST 2017, Approx. w-center algo1
138,1c:b9:c4:16:06:b8,27,Ariel_University,-92.0,32.103676915627815,35.2100826403105,703.6814760555384,Sun Dec 03 08:42:14 IST 2017, Approx. w-center algo1
139,1c:b9:c4:16:06:bc,7,Ariel_University,-89.0,32.10366539856664,35.21001473018414,703.3813108462017,Sun Dec 03 08:42:11 IST 2017, Approx. w-center algo1
140,1c:b9:c4:16:06:e8,3,Ariel_University,-89.0,32.10584273376777,35.210210781863445,688.5965322405589,Sun Dec 03 08:38:55 IST 2017, Approx. w-center algo1
141,1c:b9:c4:16:06:ec,2,Ariel_University,-89.0,32.10604981378468,35.21091908466632,688.7622466266455,Sun Dec 03 08:39:04 IST 2017, Approx. w-center algo1
142,1c:b9:c4:16:11:a8,9,Ariel_University,-85.0,32.10287422469279,35.209586802655686,696.7918042281748,Sun Dec 03 08:41:34 IST 2017, Approx. w-center algo1
143,1c:b9:c4:16:11:ac,6,Ariel_University,-88.0,32.10238902572058,35.20923578009255,701.2747772025521,Sun Dec 03 08:41:34 IST 2017, Approx. w-center algo1
144,1c:b9:c4:16:12:e8,2,Ariel_University,-90.0,32.10358120061593,35.20879532777539,702.3207686528216,Sun Dec 03 08:45:42 IST 2017, Approx. w-center algo1
145,1c:b9:c4:16:13:08,4,Ariel_University,-89.0,32.10356596775584,35.20877573109439,697.2890669002472,Sun Dec 03 08:41:19 IST 2017, Approx. w-center algo1
146,1c:b9:c4:16:13:0c,1,Ariel_University,-89.0,32.10332614802254,35.20866418715774,692.4506545358308,Sun Dec 03 08:41:25 IST 2017, Approx. w-center algo1
147,1c:b9:c4:16:1d:78,11,Ariel_University,-89.0,32.10379969653494,35.20936317705692,702.5800850390746,Sun Dec 03 08:41:04 IST 2017, Approx. w-center algo1
148,1c:b9:c4:16:1d:7c,2,Ariel_University,-89.0,32.10380222483328,35.20943242378063,710.3086401521953,Sun Dec 03 08:45:36 IST 2017, Approx. w-center algo1
149,1c:b9:c4:16:28:e8,24,Ariel_University,-89.0,32.103449979743104,35.20900541138628,701.2471810163976,Sun Dec 03 08:41:10 IST 2017, Approx. w-center algo1
150,1c:b9:c4:16:28:ec,5,Ariel_University,-91.0,32.103839733152554,35.20889571793294,701.5034186413069,Sun Dec 03 08:41:07 IST 2017, Approx. w-center algo1
151,1c:b9:c4:16:28:f8,10,Ariel_University,-91.0,32.102757849472596,35.20891053452593,695.7421434380835,Sun Dec 03 08:37:39 IST 2017, Approx. w-center algo1
152,1c:b9:c4:16:28:fc,6,Ariel_University,-90.0,32.10242523005957,35.20900344642831,705.050002045159,Sun Dec 03 08:41:37 IST 2017, Approx. w-center algo1
153,1c:b9:c4:16:2b:e8,9,Ariel_University,-92.0,32.104821586826894,35.21081985693507,690.5172334964981,Sun Dec 03 08:39:46 IST 2017, Approx. w-center algo1
154,1c:b9:c4:16:2b:ec,1,Ariel_University,-91.0,32.105083845149835,35.21105176968496,723.7793960780249,Sun Dec 03 08:44:54 IST 2017, Approx. w-center algo1
155,1c:b9:c4:16:2d:e8,11,Ariel_University,-92.0,32.10485506920522,35.21035842981893,702.4056720865938,Sun Dec 03 08:40:46 IST 2017, Approx. w-center algo1
156,1c:b9:c4:16:2d:ec,1,Ariel_University,-85.0,32.10493191549645,35.21025667401684,692.7030958914264,Sun Dec 03 08:40:49 IST 2017, Approx. w-center algo1
157,1c:b9:c4:16:cc:d8,2,Ariel_University,-85.0,32.10417409535365,35.20908661069742,691.6582550631983,Sun Dec 03 08:41:07 IST 2017, Approx. w-center algo1
158,1c:b9:c4:16:cc:dc,1,Ariel_University,-90.0,32.1037453613347,35.208747637130664,692.9018041152,Sun Dec 03 08:41:16 IST 2017, Approx. w-center algo1
159,1c:b9:c4:16:cd:18,2,IT-MNG,-88.0,32.105760148875554,35.21206399289527,690.460869314654,Sun Dec 03 08:39:25 IST 2017, Approx. w-center algo1
160,1c:b9:c4:16:cd:1c,1,Ariel_University,-88.0,32.10578181130056,35.21207187967583,690.5323471428377,Sun Dec 03 08:39:28 IST 2017, Approx. w-center algo1
161,1c:b9:c4:16:cd:68,1,Ariel_University,-86.0,32.1044140461797,35.20788087493433,689.9496964638441,Sun Dec 03 08:38:22 IST 2017, Approx. w-center algo1
162,1c:b9:c4:16:d2:88,18,Ariel_University,-92.0,32.103123473027736,35.20883746466106,698.2028615729478,Sun Dec 03 08:37:15 IST 2017, Approx. w-center algo1
163,1c:b9:c4:16:d2:8c,10,Ariel_University,-91.0,32.1031141011101,35.208605039920876,701.7124141249268,Sun Dec 03 08:37:33 IST 2017, Approx. w-center algo1
164,1c:b9:c4:16:e5:a8,5,Ariel_University,-87.0,32.10360134361631,35.21001398704487,698.417663761569,Sun Dec 03 08:42:17 IST 2017, Approx. w-center algo1
165,1c:b9:c4:16:e5:ac,1,Ariel_University,-88.0,32.10360554777893,35.20981182556972,696.9845369879256,Sun Dec 03 08:42:17 IST 2017, Approx. w-center algo1
166,1c:b9:c4:16:e8:f8,12,Ariel_University,-91.0,32.10435411712129,35.210910567751434,698.0151043980395,Sun Dec 03 08:42:35 IST 2017, Approx. w-center algo1
167,1c:b9:c4:16:e8:fc,3,Ariel_University,-89.0,32.10415575294136,35.21103695836558,696.100390839485,Sun Dec 03 08:42:32 IST 2017, Approx. w-center algo1
168,1c:b9:c4:16:ed:38,11,Ariel_University,-88.0,32.10304834685059,35.209781569588664,696.6625527374119,Sun Dec 03 08:41:40 IST 2017, Approx. w-center algo1
169,1c:b9:c4:16:ed:3c,8,Ariel_University,-91.0,32.10308440108971,35.209802058494475,703.6232781252894,Sun Dec 03 08:42:05 IST 2017, Approx. w-center algo1
170,1c:b9:c4:16:ed:48,5,Ariel_University,-89.0,32.103647876620656,35.21008034790615,700.8670325153145,Sun Dec 03 08:42:20 IST 2017, Approx. w-center algo1
171,1c:b9:c4:16:ee:98,10,Ariel_University,-91.0,32.102956362379594,35.2101755305608,693.3648379987368,Sun Dec 03 08:41:59 IST 2017, Approx. w-center algo1
172,1c:b9:c4:16:ee:9c,2,Ariel_University,-86.0,32.10259716125353,35.20992068942939,696.4473308693133,Sun Dec 03 08:42:02 IST 2017, Approx. w-center algo1
173,1c:b9:c4:16:f1:48,7,Ariel_University,-91.0,32.102285888110806,35.20937915391684,699.9422742668037,Sun Dec 03 08:41:44 IST 2017, Approx. w-center algo1
174,1c:b9:c4:16:f1:4c,2,Ariel_University,-85.0,32.10214478667037,35.209089103693636,689.2517761973078,Sun Dec 03 08:41:44 IST 2017, Approx. w-center algo1
175,1c:b9:c4:16:f1:58,8,Ariel_University,-91.0,32.10335904188247,35.20977687793666,702.9565051514172,Sun Dec 03 08:42:14 IST 2017, Approx. w-center algo1
176,1c:b9:c4:16:f1:5c,3,Ariel_University,-89.0,32.1033105561659,35.20975755219821,703.941478824367,Sun Dec 03 08:51:21 IST 2017, Approx. w-center algo1
177,1c:b9:c4:16:f1:98,13,Ariel_University,-90.0,32.10243584507859,35.20917832093938,696.9672559270075,Sun Dec 03 08:37:10 IST 2017, Approx. w-center algo1
178,1c:b9:c4:16:f4:28,9,Ariel_University,-93.0,32.10262066343639,35.208912789802646,694.2562670964378,Sun Dec 03 08:41:28 IST 2017, Approx. w-center algo1
179,1c:b9:c4:16:f4:2c,5,Ariel_University,-89.0,32.10245193835944,35.20925955775435,708.8170773849672,Sun Dec 03 08:41:50 IST 2017, Approx. w-center algo1
180,1c:b9:c4:16:f4:78,11,Ariel_University,-88.0,32.10289797369338,35.20886767546287,697.8706381097782,Sun Dec 03 08:37:45 IST 2017, Approx. w-center algo1
181,1c:b9:c4:16:f4:7c,9,Ariel_University,-91.0,32.10283774193094,35.20869358738605,700.1919330033965,Sun Dec 03 08:37:13 IST 2017, Approx. w-center algo1
182,1c:b9:c4:55:fd:e8,5,Ariel_University,-91.0,32.105138425532736,35.21141955571389,698.5747888633091,Sun Dec 03 08:39:31 IST 2017, Approx. w-center algo1
183,1c:b9:c4:56:cd:18,2,Ariel_University,-90.0,32.105755717208204,35.21206208631172,690.4771826394856,Sun Dec 03 08:39:25 IST 2017, Approx. w-center algo1
184,1c:b9:c4:92:7c:c7,3, ,-84.0,32.10290082863347,35.20885512897605,691.8458350165494,Sun Dec 03 08:41:25 IST 2017, Approx. w-center algo1
185,1c:b9:c4:92:90:b7,4, ,-91.0,32.10307486333363,35.20912759493662,712.3984014019244,Sun Dec 03 08:45:48 IST 2017, Approx. w-center algo1
186,1c:b9:c4:92:af:77,2, ,-86.0,32.1031242379023,35.20963378256423,698.5876172610194,Sun Dec 03 08:42:11 IST 2017, Approx. w-center algo1
187,1c:b9:c4:94:2b:c7,3, ,-90.0,32.1050271314145,35.21103245039248,700.7822284453173,Sun Dec 03 08:40:37 IST 2017, Approx. w-center algo1
188,1c:b9:c4:94:2b:d7,4, ,-88.0,32.102278046502754,35.20926738007158,697.3514191595569,Sun Dec 03 08:41:40 IST 2017, Approx. w-center algo1
189,1c:b9:c4:94:2c:37,3, ,-90.0,32.10273247579181,35.209859359412114,700.6765495004639,Sun Dec 03 08:55:05 IST 2017, Approx. w-center algo1
190,1c:b9:c4:94:2f:67,1, ,-84.0,32.10293474085022,35.20878314332855,707.5299710413922,Sun Dec 03 08:50:36 IST 2017, Approx. w-center algo1
191,1c:b9:c4:94:30:07,1, ,-84.0,32.10506214894986,35.21071549460977,692.6868607099875,Sun Dec 03 08:40:43 IST 2017, Approx. w-center algo1
192,1c:b9:c4:94:30:37,2, ,-91.0,32.10297855091711,35.209689577361985,699.0312381494077,Sun Dec 03 08:42:08 IST 2017, Approx. w-center algo1
193,1c:b9:c4:94:33:c7,1, ,-83.0,32.10296085254736,35.20883419348608,714.3703447936505,Sun Dec 03 08:45:57 IST 2017, Approx. w-center algo1
194,1c:b9:c4:94:36:f7,1, ,-89.0,32.10421174650141,35.211189336085184,697.9876832678715,Sun Dec 03 08:42:41 IST 2017, Approx. w-center algo1
195,1c:b9:c4:94:62:47,1, ,-79.0,32.10457102888188,35.209608501213296,692.8918490649098,Sun Dec 03 08:40:58 IST 2017, Approx. w-center algo1
196,1c:b9:c4:95:1b:87,1, ,-89.0,32.10204840896786,35.209305441513706,690.6637923310731,Sun Dec 03 08:41:47 IST 2017, Approx. w-center algo1
197,1c:b9:c4:95:1e:67,1, ,-89.0,32.10263051540787,35.21002970756891,712.9572535195944,Sun Dec 03 08:46:31 IST 2017, Approx. w-center algo1
198,1c:b9:c4:95:23:57,1, ,-92.0,32.104079300627305,35.20894493919268,693.2106002961864,Sun Dec 03 08:41:10 IST 2017, Approx. w-center algo1
199,1c:b9:c4:95:36:97,1, ,-86.0,32.105028069933155,35.210961717985285,733.9581295039463,Sun Dec 03 08:53:26 IST 2017, Approx. w-center algo1
200,1c:b9:c4:95:3a:37,1, ,-87.0,32.10204840896786,35.209305441513706,690.6637923310731,Sun Dec 03 08:41:47 IST 2017, Approx. w-center algo1
201,1c:b9:c4:95:3d:57,2, ,-87.0,32.1020008074778,35.20968340420071,700.0010789254476,Sun Dec 03 08:46:18 IST 2017, Approx. w-center algo1
202,1c:b9:c4:95:3d:67,1, ,-88.0,32.10263051540787,35.21002970756891,712.9572535195944,Sun Dec 03 08:46:31 IST 2017, Approx. w-center algo1
203,1c:b9:c4:95:41:77,2, ,-84.0,32.104164383673286,35.2108876496702,704.5435791796842,Sun Dec 03 08:42:35 IST 2017, Approx. w-center algo1
204,1c:b9:c4:95:42:67,2, ,-90.0,32.105393533722584,35.21035937704057,690.5277389594698,Sun Dec 03 08:38:58 IST 2017, Approx. w-center algo1
205,1c:b9:c4:95:43:e7,1, ,-90.0,32.10199115789806,35.20958210879809,691.3292746776632,Sun Dec 03 08:41:50 IST 2017, Approx. w-center algo1
206,1c:b9:c4:95:44:57,2, ,-89.0,32.10500097336687,35.21047477768118,710.7476613871767,Sun Dec 03 08:40:46 IST 2017, Approx. w-center algo1
207,1c:b9:c4:95:44:87,2, ,-91.0,32.104750634791365,35.21122999135554,699.6870730661486,Sun Dec 03 08:40:40 IST 2017, Approx. w-center algo1
208,1c:b9:c4:95:ec:37,3, ,-90.0,32.10298166965829,35.2096776718261,699.3847452618824,Sun Dec 03 08:42:08 IST 2017, Approx. w-center algo1
209,1c:b9:c4:95:ed:37,1, ,-85.0,32.104180210701166,35.210971616382466,697.8335736441353,Sun Dec 03 08:42:38 IST 2017, Approx. w-center algo1
210,1c:b9:c4:95:ed:47,1, ,-87.0,32.104906121909195,35.21135241304572,691.7266026300563,Sun Dec 03 08:40:34 IST 2017, Approx. w-center algo1
211,1c:b9:c4:95:fd:47,4, ,-91.0,32.1037295356692,35.20938172918559,705.7432982997963,Sun Dec 03 08:41:13 IST 2017, Approx. w-center algo1
212,1c:b9:c4:96:04:77,1, ,-86.0,32.10204989920807,35.20981699968769,691.9252951056196,Sun Dec 03 08:41:53 IST 2017, Approx. w-center algo1
213,1c:b9:c4:96:05:77,1, ,-90.0,32.10490479074945,35.211247446727874,697.4311692397619,Sun Dec 03 08:42:59 IST 2017, Approx. w-center algo1
214,1c:b9:c4:96:06:b7,3, ,-83.0,32.10377640602972,35.21008430629888,706.2198169440267,Sun Dec 03 08:42:17 IST 2017, Approx. w-center algo1
215,1c:b9:c4:96:06:e7,2, ,-90.0,32.106129976640474,35.21159973010257,689.0436342811676,Sun Dec 03 08:39:10 IST 2017, Approx. w-center algo1
216,1c:b9:c4:96:11:a7,2, ,-90.0,32.10238098950909,35.209258389193515,702.8754790886982,Sun Dec 03 08:41:53 IST 2017, Approx. w-center algo1
217,1c:b9:c4:96:13:07,1, ,-91.0,32.10332614802254,35.20866418715774,692.4506545358308,Sun Dec 03 08:41:25 IST 2017, Approx. w-center algo1
218,1c:b9:c4:96:1d:77,1, ,-85.0,32.10377001820289,35.20885655710274,710.364346402885,Sun Dec 03 08:50:20 IST 2017, Approx. w-center algo1
219,1c:b9:c4:96:28:e7,3, ,-90.0,32.10368839370954,35.20877681328383,691.4510767002092,Sun Dec 03 08:41:13 IST 2017, Approx. w-center algo1
220,1c:b9:c4:96:28:f7,4, ,-92.0,32.10242248031378,35.20871363230101,704.2728646362713,Sun Dec 03 08:37:18 IST 2017, Approx. w-center algo1
221,1c:b9:c4:96:2b:e7,1, ,-89.0,32.10500618141325,35.21121884301277,710.7756189683926,Sun Dec 03 08:49:18 IST 2017, Approx. w-center algo1
222,1c:b9:c4:96:2d:e7,2, ,-89.0,32.10492987261436,35.21027044008996,708.8736268991172,Sun Dec 03 08:40:49 IST 2017, Approx. w-center algo1
223,1c:b9:c4:96:cc:d7,1, ,-89.0,32.10400629568038,35.20897410789561,716.4196812362657,Sun Dec 03 08:45:33 IST 2017, Approx. w-center algo1
224,1c:b9:c4:96:cd:17,1, ,-89.0,32.105448644069995,35.21192983211315,691.5885470680463,Sun Dec 03 08:39:34 IST 2017, Approx. w-center algo1
225,1c:b9:c4:96:d2:87,1, ,-89.0,32.10297429619621,35.20769754582129,690.9460551220589,Sun Dec 03 08:37:45 IST 2017, Approx. w-center algo1
226,1c:b9:c4:96:e8:f7,3, ,-89.0,32.104176317427466,35.21102625078787,700.3305528836255,Sun Dec 03 08:42:35 IST 2017, Approx. w-center algo1
227,1c:b9:c4:96:ed:37,2, ,-87.0,32.10294447969606,35.20968831872878,698.1641498759643,Sun Dec 03 08:42:05 IST 2017, Approx. w-center algo1
228,1c:b9:c4:96:ee:97,1, ,-91.0,32.102828942569055,35.20990359456348,712.964955332782,Sun Dec 03 08:46:34 IST 2017, Approx. w-center algo1
229,1c:b9:c4:96:f1:47,2, ,-83.0,32.10215532094677,35.20926006509077,703.3361961164649,Sun Dec 03 08:46:13 IST 2017, Approx. w-center algo1
230,1c:b9:c4:96:f1:57,2, ,-89.0,32.103260452095796,35.20974024367279,703.9055825038959,Sun Dec 03 08:51:21 IST 2017, Approx. w-center algo1
231,1c:b9:c4:96:f1:97,4, ,-88.0,32.10229102378868,35.2089337877798,699.6054525699566,Sun Dec 03 08:37:15 IST 2017, Approx. w-center algo1
232,1c:b9:c4:96:f4:27,2, ,-90.0,32.10250943981619,35.20909891571277,691.7725879235369,Sun Dec 03 08:41:31 IST 2017, Approx. w-center algo1
233,1c:b9:c4:96:f4:77,3, ,-89.0,32.10282120960932,35.20819917827672,693.7210746575796,Sun Dec 03 08:37:21 IST 2017, Approx. w-center algo1
234,24:79:2a:2b:02:78,1,Ariel_University,-80.0,32.10381301,35.21016707,708.0,Sun Dec 03 09:06:35 IST 2017, Approx. w-center algo1
235,24:79:2a:2b:07:b8,4,Ariel_University,-91.0,32.10380270114714,35.21015452322491,702.0523943814188,Sun Dec 03 08:42:23 IST 2017, Approx. w-center algo1
236,24:79:2a:2b:07:bc,2,Ariel_University,-90.0,32.10384306889388,35.210176057657876,702.88736051609,Sun Dec 03 08:42:23 IST 2017, Approx. w-center algo1
237,24:79:2a:2b:24:98,4,Ariel_University,-89.0,32.1042508100708,35.21062416797126,694.7682635009743,Sun Dec 03 08:42:32 IST 2017, Approx. w-center algo1
238,24:79:2a:2b:24:9c,1,Ariel_University,-87.0,32.104065424799884,35.21056380796895,697.5076283965512,Sun Dec 03 08:42:32 IST 2017, Approx. w-center algo1
239,24:79:2a:2b:34:a8,1,Ariel_University,-92.0,32.105338150765675,35.21187487697705,692.0554072332519,Sun Dec 03 08:39:37 IST 2017, Approx. w-center algo1
240,24:79:2a:2b:34:e8,2,Ariel_University,-91.0,32.10507123327566,35.21145722461369,693.5785828198289,Sun Dec 03 08:40:16 IST 2017, Approx. w-center algo1
241,24:79:2a:2b:bd:88,6,Ariel_University,-89.0,32.10380552805544,35.21028359949552,700.5189828177943,Sun Dec 03 08:42:23 IST 2017, Approx. w-center algo1
242,24:79:2a:2b:bd:8c,2,Ariel_University,-88.0,32.10379299376427,35.21009379786531,703.0223738791422,Sun Dec 03 08:42:20 IST 2017, Approx. w-center algo1
243,24:79:2a:2c:3d:68,3,Ariel_University,-90.0,32.10339539914512,35.208784193538825,699.0853653836788,Sun Dec 03 08:45:42 IST 2017, Approx. w-center algo1
244,24:79:2a:2c:5b:d8,16,Ariel_University,-90.0,32.10416903450181,35.20988753750848,703.6087498077542,Sun Dec 03 08:41:01 IST 2017, Approx. w-center algo1
245,24:79:2a:2c:5b:dc,3,Ariel_University,-89.0,32.10414268624911,35.21002391316817,703.1484393235382,Sun Dec 03 08:41:01 IST 2017, Approx. w-center algo1
246,24:79:2a:2c:5c:18,6,Ariel_University,-85.0,32.10389385250077,35.2103879002805,701.1705842660215,Sun Dec 03 08:42:23 IST 2017, Approx. w-center algo1
247,24:79:2a:2c:5c:1c,2,Ariel_University,-89.0,32.103807998636846,35.21015332723746,707.2625708373013,Sun Dec 03 08:51:30 IST 2017, Approx. w-center algo1
248,24:79:2a:2c:61:68,2,Ariel_University,-86.0,32.104047109642735,35.21059905198306,696.7270599946686,Sun Dec 03 08:42:32 IST 2017, Approx. w-center algo1
249,24:79:2a:2c:61:6c,1,Ariel_University,-92.0,32.10413712623305,35.210824460173626,704.7212452331758,Sun Dec 03 08:51:42 IST 2017, Approx. w-center algo1
250,24:79:2a:ab:24:97,1, ,-86.0,32.10406637837736,35.21063207786472,704.8039142370221,Sun Dec 03 08:51:39 IST 2017, Approx. w-center algo1
251,24:79:2a:ab:bd:87,2, ,-89.0,32.10379296292741,35.2100937127936,703.0188089055943,Sun Dec 03 08:42:20 IST 2017, Approx. w-center algo1
252,24:79:2a:ac:5b:d7,2, ,-92.0,32.10444130085198,35.20944049214144,719.6999289639562,Sun Dec 03 08:45:24 IST 2017, Approx. w-center algo1
253,24:79:2a:ac:5c:17,1, ,-91.0,32.103986543611605,35.21044402294606,705.1048860032018,Sun Dec 03 08:51:36 IST 2017, Approx. w-center algo1
254,24:c9:a1:36:52:d8,1,Ariel_University,-90.0,32.10481856308317,35.210123150849206,726.1049342872047,Sun Dec 03 08:53:41 IST 2017, Approx. w-center algo1
255,30:b5:c2:b8:40:36,1, ,-91.0,32.10494482726751,35.210446896260514,717.6172124232385,Sun Dec 03 08:49:48 IST 2017, Approx. w-center algo1
256,30:e1:71:0d:e0:63,7,DIRECT-61-HP DeskJet 3630 series,-93.0,32.10343190077942,35.209420008212454,696.8717534911826,Sun Dec 03 08:45:39 IST 2017, Approx. w-center algo1
257,30:e1:71:0d:e0:65,3,DIRECT-64-HP DeskJet 3630 series,-89.0,32.104195792901045,35.20912676733564,700.8868204723456,Sun Dec 03 08:41:04 IST 2017, Approx. w-center algo1
258,30:e1:71:0d:e0:67,1,DIRECT-66-HP DeskJet 3630 series,-83.0,32.10455252,35.2096924,689.0,Sun Dec 03 08:50:04 IST 2017, Approx. w-center algo1
259,30:e1:71:0f:a2:49,3,DIRECT-47-HP DeskJet 3630 series,-88.0,32.10263817156114,35.20987677611506,693.8391299561987,Sun Dec 03 08:42:05 IST 2017, Approx. w-center algo1
260,30:e1:71:0f:a2:72,3,DIRECT-71-HP DeskJet 3630 series,-86.0,32.10201314920573,35.20972856511783,690.9557848714416,Sun Dec 03 08:41:53 IST 2017, Approx. w-center algo1
261,30:e1:71:0f:b2:6a,1,DIRECT-69-HP DeskJet 3630 series,-93.0,32.10497523,35.21118447,698.0,Sun Dec 03 08:49:32 IST 2017, Approx. w-center algo1
262,34:0b:01:19:21:42,1,afikim-wifi,-91.0,32.10253330333696,35.20726399020641,699.287760530489,Sun Dec 03 08:37:10 IST 2017, Approx. w-center algo1
263,34:8f:27:20:89:b8,5,Ariel_University,-84.0,32.10410549592865,35.209217285537754,690.6334021278866,Sun Dec 03 08:41:01 IST 2017, Approx. w-center algo1
264,34:8f:27:20:89:bc,1,Ariel_University,-87.0,32.104466966368285,35.20942986183025,692.9030486088649,Sun Dec 03 08:41:01 IST 2017, Approx. w-center algo1
265,34:8f:27:20:8c:18,4,Ariel_University,-90.0,32.10287513710923,35.20909666960022,693.7861545185115,Sun Dec 03 08:41:28 IST 2017, Approx. w-center algo1
266,34:8f:27:a0:89:b7,1, ,-89.0,32.104466966368285,35.20942986183025,692.9030486088649,Sun Dec 03 08:41:01 IST 2017, Approx. w-center algo1
267,38:a2:8c:02:e7:6e,1,SAMSONIX ML_003,-91.0,32.10500248118355,35.210472263787054,692.7188464192927,Sun Dec 03 08:40:46 IST 2017, Approx. w-center algo1
268,3c:1e:04:05:5f:f5,2,BezeqNGN_009030_2.4GHz_1,-95.0,32.10427768945722,35.21140688710281,701.7264123572375,Sun Dec 03 08:47:15 IST 2017, Approx. w-center algo1
269,3c:52:82:ef:a4:8b,3,DIRECT-8A-HP DeskJet 3630 series,-89.0,32.10377344097353,35.21013482043957,699.0985950915649,Sun Dec 03 08:42:26 IST 2017, Approx. w-center algo1
270,3c:52:82:ef:c4:3c,4,DIRECT-3B-HP DeskJet 3630 series,-82.0,32.1031126587958,35.209727130626995,698.4515190271774,Sun Dec 03 08:42:08 IST 2017, Approx. w-center algo1
271,3c:52:82:ef:d4:52,4,DIRECT-51-HP DeskJet 3630 series,-88.0,32.10360702437693,35.20990817770251,700.2261390612397,Sun Dec 03 08:42:14 IST 2017, Approx. w-center algo1
272,3c:52:82:ef:d4:56,4,DIRECT-55-HP DeskJet 3630 series,-87.0,32.10218764306504,35.2092902710175,694.1649424257095,Sun Dec 03 08:41:44 IST 2017, Approx. w-center algo1
273,40:a5:ef:7a:17:f2,8,2.4V1,-89.0,32.10282721464495,35.20953180862031,699.4813413771292,Sun Dec 03 08:41:13 IST 2017, Approx. w-center algo1
274,48:ee:0c:3e:86:dd,2,tachlit3,-89.0,32.102383542734515,35.208836763486595,689.4879837201058,Sun Dec 03 08:41:40 IST 2017, Approx. w-center algo1
275,58:70:c6:00:d0:f1,2,YICarCam_00d0f1,-89.0,32.10577582600903,35.20997089589932,688.5217353450139,Sun Dec 03 08:38:55 IST 2017, Approx. w-center algo1
276,58:70:c6:fb:68:7a,1,YICarCam_fb687a,-88.0,32.104362677361316,35.20927746779735,692.9954485022049,Sun Dec 03 08:41:04 IST 2017, Approx. w-center algo1
277,58:70:c6:fb:96:30,1,YICarCam_fb9630,-88.0,32.10473133,35.21000489,687.0,Sun Dec 03 08:49:58 IST 2017, Approx. w-center algo1
278,60:e3:27:7b:e0:98,6,HelpDesk,-90.0,32.10398603715142,35.20993136747109,698.2275590044244,Sun Dec 03 08:42:23 IST 2017, Approx. w-center algo1
279,62:ab:1b:60:b4:cb,8,Bezeq Free,-89.0,32.10227923723901,35.209361392987496,696.5523253182369,Sun Dec 03 08:41:37 IST 2017, Approx. w-center algo1
280,70:5a:0f:57:04:17,1,DIRECT-B1-HP DeskJet 3830 series,-84.0,32.10474846,35.21005988,687.0,Sun Dec 03 08:45:10 IST 2017, Approx. w-center algo1
281,70:5a:0f:57:42:43,1,DIRECT-42-HP DeskJet 3830 series,-75.0,32.10447804,35.20959776,687.0,Sun Dec 03 08:45:19 IST 2017, Approx. w-center algo1
282,74:ea:3a:ad:d1:50,6,TP-LINK_ADD150,-86.0,32.10383156123503,35.20935688314183,689.4332639582817,Sun Dec 03 08:40:58 IST 2017, Approx. w-center algo1
283,7e:ff:30:08:7f:bd,1,SETUP,-80.0,32.10241537,35.208865,688.0,Sun Dec 03 08:46:06 IST 2017, Approx. w-center algo1
284,80:37:73:d7:ab:3a,1,Hoom_2.4,-88.0,32.10246378160256,35.207563401001366,694.129943277534,Sun Dec 03 08:37:30 IST 2017, Approx. w-center algo1
285,84:c9:b2:4a:e7:87,1,dlink,-86.0,32.1044140461797,35.20788087493433,689.9496964638441,Sun Dec 03 08:38:22 IST 2017, Approx. w-center algo1
286,84:c9:b2:b7:c8:2d,4,Bezeq,-93.0,32.10258120582479,35.20997250602206,698.0276205515277,Sun Dec 03 08:46:24 IST 2017, Approx. w-center algo1
287,8c:0c:90:2d:34:38,4,Ariel_University,-90.0,32.10407820371239,35.21069042172931,696.4326713867214,Sun Dec 03 08:42:29 IST 2017, Approx. w-center algo1
288,8c:0c:90:2d:75:e8,5,Ariel_University,-84.0,32.10285016798215,35.20902322894299,693.2400764409485,Sun Dec 03 08:41:28 IST 2017, Approx. w-center algo1
289,8c:0c:90:2e:16:88,15,Ariel_University,-89.0,32.10366596952207,35.209437850620034,701.512802071184,Sun Dec 03 08:41:10 IST 2017, Approx. w-center algo1
290,8c:0c:90:2e:e8:18,5,Ariel_University,-81.0,32.10410891257016,35.21078051716717,699.1792849525282,Sun Dec 03 08:42:29 IST 2017, Approx. w-center algo1
291,8c:0c:90:2f:36:58,4,Ariel_University,-89.0,32.104756095893336,35.20996993134828,699.1416431415805,Sun Dec 03 08:40:52 IST 2017, Approx. w-center algo1
292,8c:0c:90:2f:ca:18,1,Ariel_University,-87.0,32.10386009727099,35.20889523702908,715.6639357440854,Sun Dec 03 08:45:36 IST 2017, Approx. w-center algo1
293,8c:0c:90:2f:d3:d8,4,Ariel_University,-90.0,32.10450242754861,35.21095633191016,695.2145993359444,Sun Dec 03 08:40:28 IST 2017, Approx. w-center algo1
294,8c:0c:90:6e:16:88,10, ,-88.0,32.10365769221709,35.20937704116606,700.3187015108126,Sun Dec 03 08:41:19 IST 2017, Approx. w-center algo1
295,8c:0c:90:6f:36:58,2, ,-78.0,32.104693402038414,35.20992463410953,706.1602376340919,Sun Dec 03 08:45:13 IST 2017, Approx. w-center algo1
296,8c:0c:90:ad:75:e3,2, ,-89.0,32.10316859783213,35.20879221167606,703.647382162125,Sun Dec 03 08:45:51 IST 2017, Approx. w-center algo1
297,8c:0c:90:ae:16:83,5, ,-89.0,32.10362843067258,35.2090267906456,706.0768644614176,Sun Dec 03 08:41:19 IST 2017, Approx. w-center algo1
298,8c:0c:90:af:76:53,1, ,-90.0,32.105210120790346,35.21178480914369,692.3377115782242,Sun Dec 03 08:39:49 IST 2017, Approx. w-center algo1
299,90:6c:ac:9f:f1:c5,2,CliClap,-90.0,32.10432787109738,35.20944039333655,718.4184377798202,Sun Dec 03 08:45:12 IST 2017, Approx. w-center algo1
300,90:6c:ac:9f:fb:1f,7,Guest,-91.0,32.10496148329652,35.20995045465803,688.3051953655087,Sun Dec 03 08:38:49 IST 2017, Approx. w-center algo1
301,90:6c:ac:9f:fb:27,2,Guest,-92.0,32.10489300606392,35.20928224839672,690.7435731036957,Sun Dec 03 08:38:52 IST 2017, Approx. w-center algo1
302,90:6c:ac:a0:18:29,6,Guest,-88.0,32.103772661432515,35.209343044339235,694.2855850645743,Sun Dec 03 08:41:10 IST 2017, Approx. w-center algo1
303,90:6c:ac:a0:3d:eb,8,Guest,-89.0,32.10404793522788,35.20944739231496,699.4726586944965,Sun Dec 03 08:40:52 IST 2017, Approx. w-center algo1
304,90:6c:ac:a0:60:4d,3,Guest,-79.0,32.10462255556327,35.20977542687116,689.1632024869866,Sun Dec 03 08:40:58 IST 2017, Approx. w-center algo1
305,90:6c:ac:a0:60:55,1,Guest,-82.0,32.10465583147739,35.209799109729424,721.9074685803262,Sun Dec 03 08:53:47 IST 2017, Approx. w-center algo1
306,90:6c:ac:a0:7b:4d,15,EVE,-92.0,32.10467546355968,35.209772823896195,695.407674804215,Sun Dec 03 08:38:49 IST 2017, Approx. w-center algo1
307,90:6c:ac:a0:7b:55,1,EVE,-73.0,32.10465583147739,35.209799109729424,721.9074685803262,Sun Dec 03 08:53:47 IST 2017, Approx. w-center algo1
308,90:8d:78:54:6b:4d,2,Salomon,-90.0,32.10460374739836,35.209807565289076,701.4256799553584,Sun Dec 03 08:45:22 IST 2017, Approx. w-center algo1
309,9c:d2:1e:04:e6:2c,1,HP-Print-2c-LaserJet 400 color,-91.0,32.10473133,35.21000489,687.0,Sun Dec 03 08:49:58 IST 2017, Approx. w-center algo1
310,a0:4f:d4:3a:a0:e1,1,Cellcom-WiFi_0123,-89.0,32.102528187003614,35.20734570155965,700.1622738859833,Sun Dec 03 08:37:13 IST 2017, Approx. w-center algo1
311,a0:4f:d4:3b:e9:01,1,Lidor a,-84.0,32.102528187003614,35.20734570155965,700.1622738859833,Sun Dec 03 08:37:13 IST 2017, Approx. w-center algo1
312,a0:4f:d4:46:a9:e1,1,richman,-92.0,32.103254567862166,35.20776621667453,690.8153989055744,Sun Dec 03 08:37:55 IST 2017, Approx. w-center algo1
313,a0:8c:fd:0a:24:56,6,DIRECT-13-HP DeskJet 3630 series,-90.0,32.10386466670456,35.20953819536966,703.0174363324109,Sun Dec 03 08:41:07 IST 2017, Approx. w-center algo1
314,a0:8c:fd:0a:d5:f5,9,DIRECT-F4-HP DeskJet 3630 series,-91.0,32.102204519899615,35.20918571173241,699.2044785582324,Sun Dec 03 08:41:40 IST 2017, Approx. w-center algo1
315,a0:8c:fd:8c:79:6f,2,DIRECT-6E-HP DeskJet 3630 series,-87.0,32.104510237697276,35.20956264842609,690.9289640836059,Sun Dec 03 08:41:01 IST 2017, Approx. w-center algo1
316,a0:8c:fd:8c:c5:b2,1,DIRECT-98-HP DeskJet 3630 series,-92.0,32.10497406,35.2111867,696.0,Sun Dec 03 08:49:29 IST 2017, Approx. w-center algo1
317,a0:ab:1b:59:55:54,1,ear,-85.0,32.10251814263996,35.20734901460898,698.9056862429085,Sun Dec 03 08:37:15 IST 2017, Approx. w-center algo1
318,a0:ab:1b:60:b4:ca,6,036518749,-87.0,32.10229292992002,35.20922457439484,691.3282147355818,Sun Dec 03 08:41:37 IST 2017, Approx. w-center algo1
319,a2:6c:ac:9f:f1:c5,2,Guest,-80.0,32.10435442695987,35.20935854287351,703.3204883399741,Sun Dec 03 08:45:28 IST 2017, Approx. w-center algo1
320,a2:6c:ac:9f:fb:1f,5,Neuropplied,-89.0,32.104689840094615,35.20990629425972,695.0442302849592,Sun Dec 03 08:40:52 IST 2017, Approx. w-center algo1
321,a2:6c:ac:9f:fb:27,2,Neuropplied,-91.0,32.104892803076424,35.2092822465669,690.7444350267791,Sun Dec 03 08:38:52 IST 2017, Approx. w-center algo1
322,a2:6c:ac:a0:18:29,4,artsim,-86.0,32.103666322911735,35.20929375541751,689.7993843417349,Sun Dec 03 08:41:01 IST 2017, Approx. w-center algo1
323,a2:6c:ac:a0:3d:eb,16,giftwizard,-92.0,32.10417464008443,35.209537332283105,700.0756329844282,Sun Dec 03 08:40:52 IST 2017, Approx. w-center algo1
324,a2:6c:ac:a0:60:4d,3,incentive2,-83.0,32.104295258377164,35.2094596590395,689.2506394148126,Sun Dec 03 08:40:58 IST 2017, Approx. w-center algo1
325,a2:6c:ac:a0:60:55,2,incentive2,-84.0,32.104568792116325,35.20969930203204,704.3331469531614,Sun Dec 03 08:45:16 IST 2017, Approx. w-center algo1
326,a2:6c:ac:a0:7b:4d,6,Guest,-85.0,32.104458294204996,35.20962977999583,693.9297363124712,Sun Dec 03 08:40:55 IST 2017, Approx. w-center algo1
327,a2:6c:ac:a0:7b:55,2,Guest,-80.0,32.10467787135877,35.209813449304924,708.6936298682328,Sun Dec 03 08:40:55 IST 2017, Approx. w-center algo1
328,a4:08:f5:20:72:6a,1,HOTFiber-3C40,-87.0,32.102861507686676,35.2076291986019,691.1036071541976,Sun Dec 03 08:37:42 IST 2017, Approx. w-center algo1
329,ac:83:f3:b2:00:e9,1,SAMSONIX R500-e-09,-84.0,32.10500248118355,35.210472263787054,692.7188464192927,Sun Dec 03 08:40:46 IST 2017, Approx. w-center algo1
330,b0:48:7a:a1:80:8c,1,Knoch,-86.0,32.10251814263996,35.20734901460898,698.9056862429085,Sun Dec 03 08:37:15 IST 2017, Approx. w-center algo1
331,b2:6c:ac:9f:f1:c5,3,paysday,-90.0,32.10439907437414,35.209501432834735,720.9522612107127,Sun Dec 03 08:45:33 IST 2017, Approx. w-center algo1
332,b2:6c:ac:9f:fb:1f,8,iagree,-91.0,32.10465955367501,35.209755620122316,698.1032975678403,Sun Dec 03 08:38:58 IST 2017, Approx. w-center algo1
333,b2:6c:ac:9f:fb:27,2,iagree,-92.0,32.10489300606392,35.20928224839672,690.7435731036957,Sun Dec 03 08:38:52 IST 2017, Approx. w-center algo1
334,b2:6c:ac:a0:18:29,2,restore,-85.0,32.103787136097495,35.20911580024808,687.9518351951255,Sun Dec 03 08:45:22 IST 2017, Approx. w-center algo1
335,b2:6c:ac:a0:3d:eb,9,sinusafe,-93.0,32.104029755973286,35.20941640188841,705.242656723783,Sun Dec 03 08:41:13 IST 2017, Approx. w-center algo1
336,b2:6c:ac:a0:7b:4d,11,magneto,-92.0,32.10461345606864,35.20982404209854,692.5421018773151,Sun Dec 03 08:38:46 IST 2017, Approx. w-center algo1
337,b2:6c:ac:a0:7b:55,2,magneto,-79.0,32.10467817424046,35.209813646365646,708.5120395177382,Sun Dec 03 08:40:55 IST 2017, Approx. w-center algo1
338,c0:4a:00:71:ee:ee,2,Onicom,-91.0,32.103488096295486,35.209807180370774,699.2249391711212,Sun Dec 03 08:42:17 IST 2017, Approx. w-center algo1
339,c0:bd:d1:d5:8c:55,2,AndroidAP,-80.0,32.10312597,35.20921578,696.5,Sun Dec 03 08:57:58 IST 2017, Approx. w-center algo1
340,c2:6c:ac:9f:fb:1f,5,shapedo,-91.0,32.10452399324052,35.20971800094078,689.6250519377325,Sun Dec 03 08:40:49 IST 2017, Approx. w-center algo1
341,c2:6c:ac:9f:fb:27,2,shapedo,-92.0,32.10489300606392,35.20928224839672,690.7435731036957,Sun Dec 03 08:38:52 IST 2017, Approx. w-center algo1
342,c2:6c:ac:a0:7b:4d,13,outsense,-91.0,32.1043193574745,35.20957406212976,694.2442907504,Sun Dec 03 08:38:49 IST 2017, Approx. w-center algo1
343,c2:6c:ac:a0:7b:55,3,outsense,-79.0,32.10466943236545,35.20982459242701,701.9303296677489,Sun Dec 03 08:40:55 IST 2017, Approx. w-center algo1
344,c4:12:f5:f6:a0:18,10,lab_6.1.3,-84.0,32.10299577476145,35.210060317588635,694.1064976594661,Sun Dec 03 08:41:59 IST 2017, Approx. w-center algo1
345,c4:12:f5:fd:6a:74,1,mati-sh1,-85.0,32.10483384066018,35.21004948359021,692.7415284537185,Sun Dec 03 08:40:52 IST 2017, Approx. w-center algo1
346,c8:be:19:07:77:b9,1,Bezeq-N_0777b8,-88.0,32.10413712623305,35.21082446017363,704.7212452331758,Sun Dec 03 08:51:42 IST 2017, Approx. w-center algo1
347,cc:b2:55:e7:7e:ba,1,Bezeq-NGN_E77EB9,-87.0,32.106181954122206,35.21168763894033,689.1981253462078,Sun Dec 03 08:39:16 IST 2017, Approx. w-center algo1
348,cc:fa:00:ae:93:46,1,bezek freeee,-86.0,32.10263460161589,35.20757686137406,692.0341048029707,Sun Dec 03 08:37:36 IST 2017, Approx. w-center algo1
349,d0:0f:6d:f1:35:2f,1,Sveta,-85.0,32.10251814263996,35.20734901460898,698.9056862429085,Sun Dec 03 08:37:15 IST 2017, Approx. w-center algo1
350,d0:bf:9c:db:31:30,10,HP-Print-30-Officejet 7610,-91.0,32.10478191957049,35.209901604379965,692.4515019065193,Sun Dec 03 08:38:49 IST 2017, Approx. w-center algo1
351,d0:d4:12:68:5b:ca,1,klyn,-95.0,32.1020859,35.20993739,692.0,Sun Dec 03 08:46:24 IST 2017, Approx. w-center algo1
352,d8:5d:4c:9e:69:22,5,AUC_4_2_24,-89.0,32.10322758875065,35.209337612036805,702.8595454707937,Sun Dec 03 08:41:31 IST 2017, Approx. w-center algo1
353,d8:fe:e3:03:5a:31,2,Moria,-83.0,32.10253058643105,35.2073073810576,699.7521498395156,Sun Dec 03 08:37:10 IST 2017, Approx. w-center algo1
354,e4:95:6e:40:87:1a,1,OOP_course,-20.0,32.10300921,35.2096084,701.0,Sun Dec 03 09:01:13 IST 2017, Approx. w-center algo1
355,e6:46:da:e4:84:c0,1,Aviramf phone,-87.0,32.10473074431384,35.20808401590763,689.6319853475801,Sun Dec 03 08:38:28 IST 2017, Approx. w-center algo1
356,e8:94:f6:d5:98:86,1,TP-LINK_D59886,-94.0,32.10225656,35.21001902,692.0,Sun Dec 03 08:46:27 IST 2017, Approx. w-center algo1
357,ec:8c:a2:08:77:48,1,Ariel_University,-88.0,32.102861507686676,35.2076291986019,691.1036071541976,Sun Dec 03 08:37:42 IST 2017, Approx. w-center algo1
358,ec:8c:a2:08:78:38,1,Ariel_University,-81.0,32.103323385092075,35.20778662747971,690.7687922307229,Sun Dec 03 08:37:58 IST 2017, Approx. w-center algo1
359,ec:8c:a2:08:78:3c,1,Ariel_University,-89.0,32.10317578496331,35.2077533608269,690.8658803245012,Sun Dec 03 08:37:52 IST 2017, Approx. w-center algo1
360,ec:8c:a2:08:78:c8,16,Ariel_University,-91.0,32.10310144063956,35.2088994420959,697.7363484137812,Sun Dec 03 08:37:24 IST 2017, Approx. w-center algo1
361,ec:8c:a2:08:78:cc,13,Ariel_University,-91.0,32.103338087969,35.208824026674655,707.7601198658986,Sun Dec 03 08:37:15 IST 2017, Approx. w-center algo1
362,ec:8c:a2:08:79:88,2,Ariel_University,-92.0,32.10493454942741,35.210993687799785,688.9904963388942,Sun Dec 03 08:40:34 IST 2017, Approx. w-center algo1
363,ec:8c:a2:08:79:a8,4,Ariel_University,-82.0,32.104697508718836,35.210758098403275,693.515546031181,Sun Dec 03 08:40:34 IST 2017, Approx. w-center algo1
364,ec:8c:a2:08:79:ac,3,Ariel_University,-89.0,32.104919099001776,35.211301549688564,693.8682117313017,Sun Dec 03 08:40:34 IST 2017, Approx. w-center algo1
365,ec:8c:a2:08:7a:18,2,Ariel_University,-84.0,32.10377787980504,35.20782590179721,690.4274628299759,Sun Dec 03 08:37:58 IST 2017, Approx. w-center algo1
366,ec:8c:a2:08:7a:1c,4,Ariel_University,-89.0,32.103496612890034,35.207792404900374,690.6301240378523,Sun Dec 03 08:37:49 IST 2017, Approx. w-center algo1
367,ec:8c:a2:08:7b:88,1,Ariel_University,-77.0,32.10395115783471,35.20786377093516,690.3267397654319,Sun Dec 03 08:38:16 IST 2017, Approx. w-center algo1
368,ec:8c:a2:08:7b:8c,4,Ariel_University,-91.0,32.103679060441586,35.20782822405939,690.5042269400623,Sun Dec 03 08:37:58 IST 2017, Approx. w-center algo1
369,ec:8c:a2:08:90:c8,2,Ariel_University,-89.0,32.1036008123458,35.20781952974852,690.5542770521721,Sun Dec 03 08:38:07 IST 2017, Approx. w-center algo1
370,ec:8c:a2:08:90:cc,1,Ariel_University,-87.0,32.10342051137385,35.20780552775216,690.6874448611455,Sun Dec 03 08:38:04 IST 2017, Approx. w-center algo1
371,ec:8c:a2:08:92:48,1,Ariel_University,-85.0,32.10461272357625,35.20792963641949,689.6670161410832,Sun Dec 03 08:38:25 IST 2017, Approx. w-center algo1
372,ec:8c:a2:08:92:4c,1,Ariel_University,-88.0,32.10461272357625,35.20792963641949,689.6670161410832,Sun Dec 03 08:38:25 IST 2017, Approx. w-center algo1
373,ec:8c:a2:08:94:18,17,Ariel_University,-88.0,32.10304955593125,35.20882608052939,691.9886411634967,Sun Dec 03 08:37:15 IST 2017, Approx. w-center algo1
374,ec:8c:a2:08:94:1c,22,Ariel_University,-91.0,32.10316973761371,35.20867929632029,703.0997174602145,Sun Dec 03 08:37:13 IST 2017, Approx. w-center algo1
375,ec:8c:a2:08:a9:28,4,Ariel_University,-90.0,32.10361868733056,35.207816709365744,690.5070726021236,Sun Dec 03 08:37:52 IST 2017, Approx. w-center algo1
376,ec:8c:a2:08:a9:2c,3,Ariel_University,-91.0,32.103766485175285,35.20783180358038,690.3776746163047,Sun Dec 03 08:37:52 IST 2017, Approx. w-center algo1
377,ec:8c:a2:08:a9:38,2,Ariel_University,-88.0,32.10276968784859,35.207536172161696,695.1730814282531,Sun Dec 03 08:37:13 IST 2017, Approx. w-center algo1
378,ec:8c:a2:08:a9:3c,2,Ariel_University,-90.0,32.10294522725105,35.20767327460506,691.0835484362619,Sun Dec 03 08:37:39 IST 2017, Approx. w-center algo1
379,ec:8c:a2:09:03:38,3,Ariel_University,-85.0,32.10281447386213,35.20758104767403,693.2074095942437,Sun Dec 03 08:37:18 IST 2017, Approx. w-center algo1
380,ec:8c:a2:09:03:3c,2,Ariel_University,-84.0,32.10310231558724,35.207698037468575,691.9064470832453,Sun Dec 03 08:37:33 IST 2017, Approx. w-center algo1
381,ec:8c:a2:09:0c:c8,1,Ariel_University,-86.0,32.10342051137385,35.20780552775216,690.6874448611455,Sun Dec 03 08:38:04 IST 2017, Approx. w-center algo1
382,ec:8c:a2:09:0c:cc,2,Ariel_University,-88.0,32.10321891949164,35.2077603995489,690.8382411765818,Sun Dec 03 08:37:52 IST 2017, Approx. w-center algo1
383,ec:8c:a2:09:86:d8,1,Ariel_University,-92.0,32.103323385092075,35.20778662747971,690.7687922307229,Sun Dec 03 08:37:58 IST 2017, Approx. w-center algo1
384,ec:8c:a2:09:8c:38,1,Ariel_University,-80.0,32.10353355128237,35.20781291804855,690.5795129917332,Sun Dec 03 08:38:10 IST 2017, Approx. w-center algo1
385,ec:8c:a2:09:8c:3c,1,Ariel_University,-88.0,32.10353355128237,35.20781291804855,690.5795129917332,Sun Dec 03 08:38:10 IST 2017, Approx. w-center algo1
386,ec:8c:a2:09:93:b8,1,Ariel_University,-90.0,32.10297429619621,35.20769754582129,690.9460551220589,Sun Dec 03 08:37:45 IST 2017, Approx. w-center algo1
387,ec:8c:a2:0a:08:b8,1,Ariel_University,-89.0,32.10371440835981,35.2078263595938,690.4758805974767,Sun Dec 03 08:38:13 IST 2017, Approx. w-center algo1
388,ec:8c:a2:26:ae:28,1,Ariel_University,-88.0,32.103254567862166,35.20776621667453,690.8153989055744,Sun Dec 03 08:37:55 IST 2017, Approx. w-center algo1
389,ec:8c:a2:26:b0:58,1,Ariel_University,-84.0,32.103323385092075,35.20778662747971,690.7687922307229,Sun Dec 03 08:37:58 IST 2017, Approx. w-center algo1
390,ec:8c:a2:26:b0:e8,5,Ariel_University,-91.0,32.103768086635874,35.20892585738782,690.6290915491492,Sun Dec 03 08:41:10 IST 2017, Approx. w-center algo1
391,ec:8c:a2:26:b1:78,10,Ariel_University,-93.0,32.1026212295224,35.209164354321125,699.8794995795328,Sun Dec 03 08:41:34 IST 2017, Approx. w-center algo1
392,ec:8c:a2:26:d2:c8,4,Ariel_University,-93.0,32.10463137629941,35.20888730350134,690.5715158623817,Sun Dec 03 08:38:28 IST 2017, Approx. w-center algo1
393,ec:8c:a2:26:d3:68,9,Ariel_University,-90.0,32.104070067140036,35.209123634114526,696.8487357618992,Sun Dec 03 08:41:04 IST 2017, Approx. w-center algo1
394,ec:8c:a2:88:78:37,1, ,-90.0,32.103323385092075,35.20778662747971,690.7687922307229,Sun Dec 03 08:37:58 IST 2017, Approx. w-center algo1
395,ec:8c:a2:88:78:c7,4, ,-90.0,32.103218438334075,35.20895591989747,694.2303369819643,Sun Dec 03 08:41:28 IST 2017, Approx. w-center algo1
396,ec:8c:a2:88:79:a7,1, ,-83.0,32.10490479074945,35.211247446727874,697.4311692397619,Sun Dec 03 08:42:59 IST 2017, Approx. w-center algo1
397,ec:8c:a2:88:7a:17,2, ,-87.0,32.10375939005184,35.207824304039484,690.4413487921157,Sun Dec 03 08:37:58 IST 2017, Approx. w-center algo1
398,ec:8c:a2:88:7b:87,3, ,-89.0,32.103921780553286,35.20789536622503,690.2937519226791,Sun Dec 03 08:38:04 IST 2017, Approx. w-center algo1
399,ec:8c:a2:88:94:17,10, ,-89.0,32.102979640618635,35.20863487970208,700.723144385251,Sun Dec 03 08:37:21 IST 2017, Approx. w-center algo1
400,ec:8c:a2:88:a9:27,2, ,-89.0,32.10377986390148,35.207818162044134,690.4231966047739,Sun Dec 03 08:37:55 IST 2017, Approx. w-center algo1
401,ec:8c:a2:88:a9:37,1, ,-81.0,32.103254567862166,35.20776621667453,690.8153989055744,Sun Dec 03 08:37:55 IST 2017, Approx. w-center algo1
402,ec:8c:a2:89:03:37,2, ,-85.0,32.10309570760303,35.20769665213842,691.9218910832049,Sun Dec 03 08:37:33 IST 2017, Approx. w-center algo1
403,ec:8c:a2:89:0c:c7,1, ,-86.0,32.10342051137385,35.20780552775216,690.6874448611455,Sun Dec 03 08:38:04 IST 2017, Approx. w-center algo1
404,ec:8c:a2:89:8c:37,1, ,-86.0,32.10371440835981,35.2078263595938,690.4758805974767,Sun Dec 03 08:38:13 IST 2017, Approx. w-center algo1
405,ec:9b:f3:26:ab:3a,4,SGH-I337M,-92.0,32.10280900493248,35.208211488627946,697.7819011513628,Sun Dec 03 08:37:27 IST 2017, Approx. w-center algo1
406,f0:b0:52:3e:d6:f8,1,Ariel_University,-86.0,32.10473074431384,35.20808401590763,689.6319853475801,Sun Dec 03 08:38:28 IST 2017, Approx. w-center algo1
407,f8:a9:d0:66:06:4d,1,Orange G2_4113,-81.0,32.10572050842588,35.2097599664662,688.5550300637956,Sun Dec 03 08:38:58 IST 2017, Approx. w-center algo1
408,f8:d1:11:77:77:c6,5,HelpDesk,-88.0,32.102953009977234,35.20876530432934,690.5352011665425,Sun Dec 03 08:41:28 IST 2017, Approx. w-center algo1
409,f8:e7:1e:33:87:38,1,Police_Shomron ,-86.0,32.106211489963755,35.21194838735254,689.2763252871639,Sun Dec 03 08:39:19 IST 2017, Approx. w-center algo1
410,f8:e7:1e:33:87:3c,1,Police_Shomron ,-86.0,32.10578181130056,35.21207187967583,690.5323471428377,Sun Dec 03 08:39:28 IST 2017, Approx. w-center algo1
411,f8:e9:03:12:ef:3b,3,ShapeDo,-90.0,32.10477209848867,35.20959198198432,689.4143706947036,Sun Dec 03 08:38:52 IST 2017, Approx. w-center algo1
412,f8:e9:03:12:ef:3c,2,ShapeDo-5GHz,-77.0,32.10456801210062,35.209679316065845,689.8684136221324,Sun Dec 03 08:40:58 IST 2017, Approx. w-center algo1
413,fc:3f:db:9c:36:3d,2,DIRECT-5C-HP DeskJet 3630 series,-89.0,32.10206173176159,35.20947285980674,700.4320999806323,Sun Dec 03 08:46:13 IST 2017, Approx. w-center algo1
